programa,orgao,indicador_programa,finialidade_programa,value_indicador_programa
0150 - PROCESSO LEGISLATIVO,01000 - ASSEMBLEIA LEGISLATIVA,PROJETOS APRESENTADOS. (UNIDADE),FINALÍSTICO,10776.0
0150 - PROCESSO LEGISLATIVO,01000 - ASSEMBLEIA LEGISLATIVA,TAXA ANUAL DE PROJETOS DELIBERADOS (%),FINALÍSTICO,19.15
0150 - PROCESSO LEGISLATIVO,01000 - ASSEMBLEIA LEGISLATIVA,TAXA DE EVOLUÇÃO ANUAL DE PROJETOS APRESENTADOS (%),FINALÍSTICO,145.1
0200 - CONTROLE EXTERNO,02000 - TRIBUNAL DE CONTAS DO ESTADO,FISCALIZAÇÕES REALIZADAS (UNIDADE),FINALÍSTICO,3289.0
0303 - PROCESSO JUDICIÁRIO NO TRIBUNAL DE JUSTIÇA,03000 - TRIBUNAL DE JUSTIÇA,ÍNDICE DE ATENDIMENTO À DEMANDA - IAD (%),FINALÍSTICO,100.0
0303 - PROCESSO JUDICIÁRIO NO TRIBUNAL DE JUSTIÇA,03000 - TRIBUNAL DE JUSTIÇA,TAXA ANUAL DE JULGAMENTO DE AÇÕES EM RELAÇÃO AO EXERCÍCIO ANTERIOR (%),FINALÍSTICO,101.98
0600 - PROCESSO JUDICIÁRIO MILITAR,06000 - TRIBUNAL DE JUSTIÇA MILITAR,PERCENTUAL DE JULGAMENTO DE AÇÕES (%),FINALÍSTICO,100.0
0800 - APRENDIZAGEM DE EXCELÊNCIA E EQUIDADE,08000 - SECRETARIA DA EDUCAÇÃO,PERCENTUAL DE PROFESSORES FORMADOS PARA IMPLEMENTAR O CURRÍCULO PAULISTA (%),FINALÍSTICO,75.0
0800 - APRENDIZAGEM DE EXCELÊNCIA E EQUIDADE,08000 - SECRETARIA DA EDUCAÇÃO,PROFICIÊNCIA EM LÍNGUA PORTUGUESA E MATEMÁTICA (%),FINALÍSTICO,40.0
0800 - APRENDIZAGEM DE EXCELÊNCIA E EQUIDADE,08000 - SECRETARIA DA EDUCAÇÃO,TAXA DE REPROVAÇÃO E ABANDONO (%),FINALÍSTICO,2.24
0815 - GESTÃO INSTITUCIONAL DA SECRETARIA DA EDUCAÇÃO,08000 - SECRETARIA DA EDUCAÇÃO,NÚMERO DE AMBIENTES PEDAGÓGICOS PARA IMPLEMENTAÇÃO DO CURRÍCULO PAULISTA (UNIDADE),FINALÍSTICO,3790.0
0815 - GESTÃO INSTITUCIONAL DA SECRETARIA DA EDUCAÇÃO,08000 - SECRETARIA DA EDUCAÇÃO,NÚMERO DE PROCESSOS AUTOMATIZADOS PARA EFICIÊNCIA (UNIDADE),FINALÍSTICO,3.0
0815 - GESTÃO INSTITUCIONAL DA SECRETARIA DA EDUCAÇÃO,08000 - SECRETARIA DA EDUCAÇÃO,PERCENTUAL DE ABSENTEÍSMO DOCENTE (%),FINALÍSTICO,11.63
0932 - VIGILÂNCIA EM SAÚDE,09000 - SECRETARIA DA SAÚDE,"COBERTURA VACINAL DE TRÍPLICE VIRAL (SARAMPO, RUBÉOLA E CAXUMBA) EM CRIANÇAS DE 1 ANO (%)",FINALÍSTICO,95.0
0932 - VIGILÂNCIA EM SAÚDE,09000 - SECRETARIA DA SAÚDE,"MORTALIDADE PREMATURA POR DOENÇAS CRÔNICAS NÃO TRANSMISSÍVEIS (DCNT), SENDO DOENÇAS DO APARELHO CIRCULATÓRIO,",FINALÍSTICO,327.75
0932 - VIGILÂNCIA EM SAÚDE,09000 - SECRETARIA DA SAÚDE,PERCENTUAL DE RESULTADOS DE SOROLOGIA LIBERADOS EM TEMPO OPORTUNO PARA O DIAGNÓSTICO DE SARAMPO E RUBÉOLA (%),FINALÍSTICO,80.0
0932 - VIGILÂNCIA EM SAÚDE,09000 - SECRETARIA DA SAÚDE,"PROPORÇÃO DE CASOS DE DOENÇAS DE NOTIFICAÇÃO COMPULSÓRIA IMEDIATA (DNCI) ENCERRADAS OPORTUNAMENTE, A PARTIR DA",FINALÍSTICO,73.0
"0933 - CIÊNCIA, TECNOLOGIA E INOVAÇÃO EM SAÚDE",09000 - SECRETARIA DA SAÚDE,PERCENTUAL DE IMPLEMENTAÇÃO DO PROJETO DE INOVAÇÃO TECNOLÓGICA NO SUS/SP (%),FINALÍSTICO,25.0
0940 - FORTALECIMENTO DA GESTÃO ESTADUAL DO SUS,09000 - SECRETARIA DA SAÚDE,PERCENTUAL DE CONSELHOS MUNICIPAIS DE SAÚDE CAPACITADOS (%),MELHORIA DE GESTÃO DE POLÍTICAS PÚBLICAS,10.0
0941 - EXPANSÃO E MODERNIZAÇÃO NA SAÚDE,09000 - SECRETARIA DA SAÚDE,"ÁREA CONSTRUÍDA EM OBRAS DE REFORMA, AMPLIAÇÃO E CONSTRUÇÃO DE NOVAS UNIDADES DE SAÚDE (M2)",MELHORIA DE GESTÃO DE POLÍTICAS PÚBLICAS,151520.0
0942 - CAPACITAÇÃO E DESENVOLVIMENTO DE PESSOAS NA ÁREA DA SAÚDE,09000 - SECRETARIA DA SAÚDE,PERCENTUAL DE CONCLUINTES NO PROGRAMA DE BOLSAS PARA CURSOS DE ESPECIALIZAÇÃO DO CENTRO DE FORMAÇÃO DE RECURSOS,FINALÍSTICO,85.0
0942 - CAPACITAÇÃO E DESENVOLVIMENTO DE PESSOAS NA ÁREA DA SAÚDE,09000 - SECRETARIA DA SAÚDE,PERCENTUAL DE OCUPAÇÃO DAS VAGAS DO PROGRAMA DE BOLSAS DE RESIDÊNCIA MÉDICA  FINANCIADAS PELA SES/SP (%),FINALÍSTICO,96.0
0942 - CAPACITAÇÃO E DESENVOLVIMENTO DE PESSOAS NA ÁREA DA SAÚDE,09000 - SECRETARIA DA SAÚDE,PERCENTUAL DE SERVIDORES ESTADUAIS DA ADMINISTRAÇÃO DIRETA CAPACITADOS PELO GRUPO DE SELEÇÃO E DESENVOLVIMENTO DE,FINALÍSTICO,2.0
0944 - RECOMEÇO: UMA VIDA SEM DROGAS,35000 - SECRETARIA DE DESENVOLVIMENTO SOCIAL,COBERTURA DE CENTROS DE ATENÇÃO PSICOSSOCIAL – CAPS (100.000HAB),FINALÍSTICO,1.15
"1015 - CIÊNCIA, TECNOLOGIA, INOVAÇÃO, PRODUTIVIDADE E COMPETITIVIDADE",10000 - SECRETARIA DE DESENVOLVIMENTO ECONÔMICO,NÚMERO DE INVESTIMENTOS PRIVADOS ANUNCIADOS (UNIDADE),FINALÍSTICO,40.0
"1015 - CIÊNCIA, TECNOLOGIA, INOVAÇÃO, PRODUTIVIDADE E COMPETITIVIDADE",10000 - SECRETARIA DE DESENVOLVIMENTO ECONÔMICO,NÚMERO DE NEGÓCIOS APOIADOS (UNIDADE),FINALÍSTICO,300.0
"1015 - CIÊNCIA, TECNOLOGIA, INOVAÇÃO, PRODUTIVIDADE E COMPETITIVIDADE",10000 - SECRETARIA DE DESENVOLVIMENTO ECONÔMICO,NÚMERO DE NOVOS EMPREGOS DIRETOS QUE FORAM ANUNCIADOS POR EMPRESAS (UNIDADE),FINALÍSTICO,40500.0
1021 - INOVAÇÃO E TECNOLOGIA PARA INSTITUIÇÕES PÚBLICAS E PRIVADAS,10000 - SECRETARIA DE DESENVOLVIMENTO ECONÔMICO,NÚMERO DE CLIENTES DO SETOR PÚBLICO CONTRATANTES (UNIDADE),FINALÍSTICO,108.0
1021 - INOVAÇÃO E TECNOLOGIA PARA INSTITUIÇÕES PÚBLICAS E PRIVADAS,10000 - SECRETARIA DE DESENVOLVIMENTO ECONÔMICO,NÚMERO DE EMPRESAS PRIVADAS CONTRATANTES (UNIDADE),FINALÍSTICO,2743.0
1021 - INOVAÇÃO E TECNOLOGIA PARA INSTITUIÇÕES PÚBLICAS E PRIVADAS,10000 - SECRETARIA DE DESENVOLVIMENTO ECONÔMICO,NÚMERO DE PEDIDOS DE PATENTES E SOFTWARES NO INPI COM PARTICIPAÇÃO DO IPT (UNIDADE),FINALÍSTICO,12.0
1021 - INOVAÇÃO E TECNOLOGIA PARA INSTITUIÇÕES PÚBLICAS E PRIVADAS,10000 - SECRETARIA DE DESENVOLVIMENTO ECONÔMICO,PORCENTUAL DE FATURAMENTO COM INOVAÇÃO (%),FINALÍSTICO,43.0
1039 - PROGRAMA ESTADUAL DE EDUCAÇÃO PROFISSIONAL E TECNOLÓGICA,10000 - SECRETARIA DE DESENVOLVIMENTO ECONÔMICO,NÚMERO DE CONCLUINTES DE CURSOS DE FORMAÇÃO INICIAL E EDUCAÇÃO CONTINUADA OFERECIDOS PELO CENTRO PAULA SOUZA,FINALÍSTICO,3696.0
1039 - PROGRAMA ESTADUAL DE EDUCAÇÃO PROFISSIONAL E TECNOLÓGICA,10000 - SECRETARIA DE DESENVOLVIMENTO ECONÔMICO,NÚMERO DE CONCLUINTES DE CURSOS TÉCNICOS OFERECIDOS PELO CENTRO PAULA SOUZA (UNIDADE),FINALÍSTICO,86795.0
1039 - PROGRAMA ESTADUAL DE EDUCAÇÃO PROFISSIONAL E TECNOLÓGICA,10000 - SECRETARIA DE DESENVOLVIMENTO ECONÔMICO,NÚMERO DE CONCLUINTES DE CURSOS TECNOLÓGICOS OFERECIDOS PELO CENTRO PAULA SOUZA (UNIDADE),FINALÍSTICO,11632.0
1039 - PROGRAMA ESTADUAL DE EDUCAÇÃO PROFISSIONAL E TECNOLÓGICA,10000 - SECRETARIA DE DESENVOLVIMENTO ECONÔMICO,NÚMERO DE CONCLUINTES DO ENSINO MÉDIO OFERECIDOS PELO CENTRO PAULA SOUZA (UNIDADE),FINALÍSTICO,4786.0
1040 - JUCESP - VIA RÁPIDA EMPRESA,10000 - SECRETARIA DE DESENVOLVIMENTO ECONÔMICO,MÉDIA DE DIAS NECESSÁRIOS PARA ABRIR E LEGALIZAR EMPRESAS (UNIDADE),FINALÍSTICO,3.0
1040 - JUCESP - VIA RÁPIDA EMPRESA,10000 - SECRETARIA DE DESENVOLVIMENTO ECONÔMICO,NUMERO DE SERVIÇOS E PROCESSOS DISPONIBILIZADOS NA REDESIM (UNIDADE),FINALÍSTICO,19.0
1043 - ENSINO PÚBLICO SUPERIOR,10000 - SECRETARIA DE DESENVOLVIMENTO ECONÔMICO,NÚMERO DE ALUNOS MATRICULADOS NA GRADUAÇÃO E PÓS-GRADUAÇÃO/ANO (UNIDADE),FINALÍSTICO,236680.0
1043 - ENSINO PÚBLICO SUPERIOR,10000 - SECRETARIA DE DESENVOLVIMENTO ECONÔMICO,NÚMERO DE NOVAS VAGAS NO ENSINO DE GRADUAÇÃO A DISTÂNCIA E SEMIPRESENCIAL (UNIDADE),FINALÍSTICO,24000.0
1044 - DESENVOLVIMENTO DA CIÊNCIA E DA TECNOLOGIA,10000 - SECRETARIA DE DESENVOLVIMENTO ECONÔMICO,PRODUÇÃO CIENTÍFICA (UNIDADE),FINALÍSTICO,10651.0
"1046 - QUALIFICAÇÃO, TRABALHO E EMPREENDEDORISMO",10000 - SECRETARIA DE DESENVOLVIMENTO ECONÔMICO,NUMERO DE MEIS - MICRO EMPREENDEDORES INDIVIDUAIS ABERTAS POR BENEFICIÁRIOS DAS INICIATIVAS DE QUALIFICAÇÃO (UNIDADE),FINALÍSTICO,25000.0
"1046 - QUALIFICAÇÃO, TRABALHO E EMPREENDEDORISMO",10000 - SECRETARIA DE DESENVOLVIMENTO ECONÔMICO,NÚMERO DE TRABALHADORES QUALIFICADOS PELA SDE COLOCADOS NO MERCADO DE TRABALHO (UNIDADE),FINALÍSTICO,160760.0
"1046 - QUALIFICAÇÃO, TRABALHO E EMPREENDEDORISMO",10000 - SECRETARIA DE DESENVOLVIMENTO ECONÔMICO,NÚMERO DE TRABALHADORES QUE PASSARAM POR INTERMEDIAÇÃO DE MÃO DE OBRA E FORAM RECOLOCADOS NO MERCADO (UNIDADE),FINALÍSTICO,89947.0
1201 - ECONOMIA CRIATIVA,12000 - SECRETARIA DA CULTURA E ECONOMIA CRIATIVA,"ATIVIDADES REALIZADAS PELOS PROGRAMAS DE DIFUSÃO, BIBLIOTECA E LEITURA (UNIDADE)",FINALÍSTICO,3056.0
1201 - ECONOMIA CRIATIVA,12000 - SECRETARIA DA CULTURA E ECONOMIA CRIATIVA,NÚMERO DE MUNICÍPIOS ATENDIDOS POR ANO PELO PROGRAMA ECONOMIA CRIATIVA (UNIDADE),FINALÍSTICO,381.0
1201 - ECONOMIA CRIATIVA,12000 - SECRETARIA DA CULTURA E ECONOMIA CRIATIVA,NÚMERO DE PESSOAS ATENDIDAS PELOS PROGRAMAS ECONOMIA CRIATIVA (UNIDADE),FINALÍSTICO,4134777.0
1201 - ECONOMIA CRIATIVA,12000 - SECRETARIA DA CULTURA E ECONOMIA CRIATIVA,QUANTIDADE DE PESSOAS FORMADAS E QUALIFICADAS (UNIDADE),FINALÍSTICO,231141.0
"1206 - RÁDIOS, TVS EDUCATIVAS E NOVAS MÍDIAS",12000 - SECRETARIA DA CULTURA E ECONOMIA CRIATIVA,DIVULGAÇÃO DE CONTEÚDO EDUCATIVO E CULTURAL POR ANO (H),FINALÍSTICO,40730.0
1213 - MELHORIA CONTÍNUA DA GESTÃO DE PROCESSOS E EQUIPAMENTOS DACULTURA,12000 - SECRETARIA DA CULTURA E ECONOMIA CRIATIVA,ESTUDOS E PLANOS ELABORADOS E IMPLANTADOS (UNIDADE),MELHORIA DE GESTÃO DE POLÍTICAS PÚBLICAS,2.0
1213 - MELHORIA CONTÍNUA DA GESTÃO DE PROCESSOS E EQUIPAMENTOS DACULTURA,12000 - SECRETARIA DA CULTURA E ECONOMIA CRIATIVA,NÚMERO DE EQUIPAMENTOS CULTURAIS IMPLANTADOS OU COM INFRAESTRUTURA MELHORADA (UNIDADE),MELHORIA DE GESTÃO DE POLÍTICAS PÚBLICAS,13.0
1214 - MUSEUS EM CONEXÃO,12000 - SECRETARIA DA CULTURA E ECONOMIA CRIATIVA,PERCENTUAL DE CRESCIMENTO DE PÚBLICO-ALVO AOS MUSEUS DA SECRETARIA DE CULTURA E ECONOMIA CRIATIVA EM RELAÇÃO AO,FINALÍSTICO,14.0
1215 - PATRIMÔNIO CULTURAL,12000 - SECRETARIA DA CULTURA E ECONOMIA CRIATIVA,PERCENTUAL DE BENS CULTURAIS CONSERVADOS (%),FINALÍSTICO,45.0
1215 - PATRIMÔNIO CULTURAL,12000 - SECRETARIA DA CULTURA E ECONOMIA CRIATIVA,TEMPO MÉDIO DE LICENCIAMENTO (DIA),FINALÍSTICO,100.0
1218 - FOMENTO CULTURAL,12000 - SECRETARIA DA CULTURA E ECONOMIA CRIATIVA,NÚMERO DE EDITAIS LANÇADOS PELO PROGRAMA (UNIDADE),FINALÍSTICO,33.0
1218 - FOMENTO CULTURAL,12000 - SECRETARIA DA CULTURA E ECONOMIA CRIATIVA,NÚMERO DE MUNICÍPIOS CONTEMPLADOS NO PROGRAMA (UNIDADE),FINALÍSTICO,180.0
1218 - FOMENTO CULTURAL,12000 - SECRETARIA DA CULTURA E ECONOMIA CRIATIVA,VALOR APORTADO NO PROGRAMA DE FOMENTO CULTURAL (R$),FINALÍSTICO,112360000.0
1221 - INTEGRAÇÃO DAS CULTURAS LATINO-AMERICANAS,12000 - SECRETARIA DA CULTURA E ECONOMIA CRIATIVA,PERCENTUAL DE CRESCIMENTO DO NÚMERO DE FREQUENTADORES DAS ATIVIDADES DO MEMORIAL DA AMÉRICA LATINA (%),FINALÍSTICO,10.0
1316 - ABASTECE-SP: SEGURANÇA DO CAMPO À MESA,13000 - SECRETARIA DE AGRICULTURA E ABASTECIMENTO,ÍNDICE CRESCIMENTO DA PRODUÇÃO AGROPECUÁRIA PAULISTA EM RELAÇÃO AO ANO DE 2019 (UNIDADE),FINALÍSTICO,104.0
1316 - ABASTECE-SP: SEGURANÇA DO CAMPO À MESA,13000 - SECRETARIA DE AGRICULTURA E ABASTECIMENTO,ÍNDICE DE CRESCIMENTO DA COMPETITIVIDADE DAS CADEIAS AGROINDUSTRIAIS PAULISTAS EM RELAÇÃO AO ANO DE 2019 (UNIDADE),FINALÍSTICO,108.0
1317 - AGRO-SP SUSTENTÁVEL,13000 - SECRETARIA DE AGRICULTURA E ABASTECIMENTO,ÁREAS DEGRADADAS RECUPERADAS (HA),FINALÍSTICO,3000.0
1317 - AGRO-SP SUSTENTÁVEL,13000 - SECRETARIA DE AGRICULTURA E ABASTECIMENTO,ÍNDICE DE CRESCIMENTO DA PRODUTIVIDADE AGRÍCOLA PAULISTA EM RELAÇÃO A 2019 (UNIDADE),FINALÍSTICO,103.0
1317 - AGRO-SP SUSTENTÁVEL,13000 - SECRETARIA DE AGRICULTURA E ABASTECIMENTO,NÚMERO DE PRODUTORES BENEFICIADOS PELO PROGRAMA (UNIDADE),FINALÍSTICO,43000.0
1601 - PLANEJAMENTO DE LOGÍSTICA E TRANSPORTES,16000 - SECRETARIA DE LOGÍSTICA E TRANSPORTES,PERCENTUAL DE CONCLUSÃO DO PLANO DIRETOR DE LOGÍSTICA E TRANSPORTES - PDLT (%),MELHORIA DE GESTÃO DE POLÍTICAS PÚBLICAS,100.0
1602 - GESTÃO DA LOGÍSTICA HIDROVIÁRIA,16000 - SECRETARIA DE LOGÍSTICA E TRANSPORTES,TOTAL DE CARGAS MOVIMENTADAS ANUALMENTE NA HIDROVIA TIETÊ/PARANÁ POR QUILÔMETRO ÚTIL (EM MILHÕES DE TKU) (1.000.000),FINALÍSTICO,2174.0
1602 - GESTÃO DA LOGÍSTICA HIDROVIÁRIA,16000 - SECRETARIA DE LOGÍSTICA E TRANSPORTES,VALOR TOTAL DE CARGAS MOVIMENTADAS NO PORTO DE SÃO SEBASTIÃO POR ANO (US$MILHÕES),FINALÍSTICO,354.75
"1605 - OPERAÇÃO, CONSERVAÇÃO E SEGURANÇA DA MALHA RODOVIÁRIAADMINISTRADA PELO DER",16000 - SECRETARIA DE LOGÍSTICA E TRANSPORTES,ÍNDICE DE SEVERIDADE (IS) DOS ACIDENTES DE TRÂNSITO (UNIDADE),FINALÍSTICO,44.93
1606 - MELHORIAS DA MALHA RODOVIÁRIA,16000 - SECRETARIA DE LOGÍSTICA E TRANSPORTES,ÍNDICE DE SEGURANÇA E CONFORTO NAS RODOVIAS (UNIDADE),FINALÍSTICO,1.11
1607 - MODERNIZAÇÃO DA INFRAESTRUTURA AEROPORTUÁRIA,16000 - SECRETARIA DE LOGÍSTICA E TRANSPORTES,NÚMERO DE PASSAGEIROS EMBARCADOS/DESEMBARCADOS NOS AEROPORTOS (UNIDADE),FINALÍSTICO,2310000.0
1608 - TRAVESSIAS LITORÂNEAS,16000 - SECRETARIA DE LOGÍSTICA E TRANSPORTES,NÚMERO DE PASSAGEIROS TRANSPORTADOS NAS TRAVESSIAS LITORÂNEAS POR ANO (UNIDADE),FINALÍSTICO,7796415.0
1608 - TRAVESSIAS LITORÂNEAS,16000 - SECRETARIA DE LOGÍSTICA E TRANSPORTES,NÚMERO DE VEÍCULOS TRANSPORTADOS NAS TRAVESSIAS LITORÂNEAS POR ANO (UNIDADE),FINALÍSTICO,15778077.0
1611 - TRANSPOSIÇÃO RODO-FERROVIÁRIA DA RMSP,16000 - SECRETARIA DE LOGÍSTICA E TRANSPORTES,PERCENTUAL ACUMULADO DE EXECUÇÃO DO TRECHO NORTE DO RODOANEL (%),FINALÍSTICO,99.99
1711 - PROTEÇÃO E DEFESA DO CONSUMIDOR,17000 - SECRETARIA DA JUSTIÇA E CIDADANIA,COBERTURA ESTADUAL DE AÇÕES PREVENTIVAS DE CONSUMO (%),FINALÍSTICO,65.0
1711 - PROTEÇÃO E DEFESA DO CONSUMIDOR,17000 - SECRETARIA DA JUSTIÇA E CIDADANIA,PERCENTUAL DA POPULAÇÃO DO ESTADO DE SÃO PAULO RESIDENTE EM MUNICÍPIOS COBERTOS PELO PROGRAMA (%),FINALÍSTICO,88.98
1711 - PROTEÇÃO E DEFESA DO CONSUMIDOR,17000 - SECRETARIA DA JUSTIÇA E CIDADANIA,PERCENTUAL DE MUNICÍPIOS COM AÇÕES FISCALIZATÓRIAS (%),FINALÍSTICO,70.7
1711 - PROTEÇÃO E DEFESA DO CONSUMIDOR,17000 - SECRETARIA DA JUSTIÇA E CIDADANIA,PERCENTUAL DE RECLAMAÇÕES E DENÚNCIAS EM RELAÇÃO AO TOTAL DE REGISTROS NA OUVIDORIA (%),FINALÍSTICO,36.54
1714 - PERÍCIA JUDICIAL NA ÁREA DE MEDICINA LEGAL E DE INVESTIGAÇÃO DEVÍNCULO GENÉTICO,17000 - SECRETARIA DA JUSTIÇA E CIDADANIA,EVOLUÇÃO ANUAL DE PERÍCIAS NA ÁREA DE MEDICINA LEGAL EM RELAÇÃO À 2018 (%),FINALÍSTICO,15.0
1714 - PERÍCIA JUDICIAL NA ÁREA DE MEDICINA LEGAL E DE INVESTIGAÇÃO DEVÍNCULO GENÉTICO,17000 - SECRETARIA DA JUSTIÇA E CIDADANIA,EVOLUÇÃO ANUAL DE PERÍCIAS REALIZADAS EM INVESTIGAÇÃO DE VÍNCULO GENÉTICO EM RELAÇÃO À 2018 (%),FINALÍSTICO,10.0
1724 - METROLOGIA E QUALIDADE DE PRODUTOS E SERVIÇOS,17000 - SECRETARIA DA JUSTIÇA E CIDADANIA,PERCENTUAL DE REPROVAÇÃO DOS INSTRUMENTOS DE PESAR E MEDIR FISCALIZADOS/VERIFICADOS (%),FINALÍSTICO,1.96
1729 - ATENÇÃO AO ADOLESCENTE/JOVEM EM CUMPRIMENTO DE MEDIDASOCIOEDUCATIVA E CAUTELAR,17000 - SECRETARIA DA JUSTIÇA E CIDADANIA,ÍNDICE DE PACTUAÇÃO COM OS MUNICÍPIOS SEDE DOS CENTROS DE ATENDIMENTO PARA ATENÇÃO AOS ADOLESCENTES/JOVENS,FINALÍSTICO,6.0
1729 - ATENÇÃO AO ADOLESCENTE/JOVEM EM CUMPRIMENTO DE MEDIDASOCIOEDUCATIVA E CAUTELAR,17000 - SECRETARIA DA JUSTIÇA E CIDADANIA,ÍNDICE DE PARTICIPAÇÃO DOS ADOLESCENTES/JOVENS EM PROVAS EDUCACIONAIS EXTERNAS (%),FINALÍSTICO,91.66
1729 - ATENÇÃO AO ADOLESCENTE/JOVEM EM CUMPRIMENTO DE MEDIDASOCIOEDUCATIVA E CAUTELAR,17000 - SECRETARIA DA JUSTIÇA E CIDADANIA,ÍNDICE DE REENTRADA DE ADOLESCENTES/JOVENS NO SISTEMA SOCIOEDUCATIVO (%),FINALÍSTICO,19.42
1730 - DIREITOS HUMANOS E CIDADANIA,18000 - SECRETARIA DA SEGURANÇA PÚBLICA,PERCENTUAL DE CAPILARIDADE DAS POLÍTICAS DA SECRETARIA DA JUSTIÇA E CIDADANIA (%),FINALÍSTICO,15.97
1730 - DIREITOS HUMANOS E CIDADANIA,18000 - SECRETARIA DA SEGURANÇA PÚBLICA,PERCENTUAL DE SENSIBILIZAÇÃO DE SERVIDORES PÚBLICOS ESTADUAIS (%),FINALÍSTICO,0.62
1731 - JUSTIÇA E CIDADANIA NO CAMPO E NA CIDADE,17000 - SECRETARIA DA JUSTIÇA E CIDADANIA,NÚMERO DE TÍTULOS DE REGULARIZAÇÃO FUNDIÁRIA EXPEDIDOS (UNIDADE),FINALÍSTICO,3000.0
1731 - JUSTIÇA E CIDADANIA NO CAMPO E NA CIDADE,17000 - SECRETARIA DA JUSTIÇA E CIDADANIA,VALOR BRUTO DA PRODUÇÃO MÉDIO FAMILIAR MENSAL (SM),FINALÍSTICO,3.38
1801 - APRIMORAMENTO DA POLICIA JUDICIARIA,18000 - SECRETARIA DA SEGURANÇA PÚBLICA,PROCEDIMENTOS DE POLICIA JUDICIARIA REALIZADOS (UNIDADE),FINALÍSTICO,640500.0
1801 - APRIMORAMENTO DA POLICIA JUDICIARIA,18000 - SECRETARIA DA SEGURANÇA PÚBLICA,SUBSTANCIAS ENTORPECENTES APREENDIDAS (KG),FINALÍSTICO,259892.0
1811 - CORPO DE BOMBEIROS PREPARADO PARA EMERGÊNCIAS COM FOCO NAGESTÃO DE RISCOS,18000 - SECRETARIA DA SEGURANÇA PÚBLICA,OCORRÊNCIAS DE INCÊNDIO EM EDIFICAÇÕES NÃO SUJEITAS AO REGULAMENTO DE SEGURANÇA CONTRA INCÊNDIO POR 100.000,FINALÍSTICO,0.04
1811 - CORPO DE BOMBEIROS PREPARADO PARA EMERGÊNCIAS COM FOCO NAGESTÃO DE RISCOS,18000 - SECRETARIA DA SEGURANÇA PÚBLICA,OCORRÊNCIAS DE INCÊNDIO EM EDIFICAÇÕES SUJEITAS AO REGULAMENTO DE SEGURANÇA CONTRA INCÊNDIO (%),FINALÍSTICO,39.0
1811 - CORPO DE BOMBEIROS PREPARADO PARA EMERGÊNCIAS COM FOCO NAGESTÃO DE RISCOS,18000 - SECRETARIA DA SEGURANÇA PÚBLICA,OCORRÊNCIAS EMERGENCIAIS ATENDIDAS DENTRO DO TEMPO RESPOSTA DE 20 MINUTOS (%),FINALÍSTICO,59.0
1814 - POLÍCIA TÉCNICO-CIENTÍFICA - CIÊNCIA E TECNOLOGIA APLICADAS AOESCLARECIMENTO DE,18000 - SECRETARIA DA SEGURANÇA PÚBLICA,PERCENTUAL DE PERÍCIAS CONCLUÍDAS (%),FINALÍSTICO,94.28
1817 - PROGRAMA DE PROTEÇÃO SOCIAL DO POLICIAL MILITAR (PPSPM),18000 - SECRETARIA DA SEGURANÇA PÚBLICA,NÚMERO DE ATENDIMENTOS AMBULATORIAIS E HOSPITALARES POR BENEFICIÁRIO (UNIDADE),MELHORIA DE GESTÃO DE POLÍTICAS PÚBLICAS,15.0
1817 - PROGRAMA DE PROTEÇÃO SOCIAL DO POLICIAL MILITAR (PPSPM),18000 - SECRETARIA DA SEGURANÇA PÚBLICA,RAZÃO ENTRE OS ATENDIMENTOS AMBULATORIAIS E OS PREVENTIVOS (UNIDADE),MELHORIA DE GESTÃO DE POLÍTICAS PÚBLICAS,0.2
1818 - MODERNIZAÇÃO DA SEGURANÇA PÚBLICA,18000 - SECRETARIA DA SEGURANÇA PÚBLICA,PERCENTUAL DE MODERNIZAÇÃO DA SEGURANÇA PÚBLICA (%),MELHORIA DE GESTÃO DE POLÍTICAS PÚBLICAS,100.0
1819 - PROTEÇÃO E DEFESA AO CIDADÃO,18000 - SECRETARIA DA SEGURANÇA PÚBLICA,PERCENTUAL DE OCORRÊNCIAS DE NATUREZA URGENTE ATENDIDAS EM ATÉ 20 MINUTOS (%),FINALÍSTICO,56.0
2000 - GESTÃO FISCAL E TRIBUTÁRIA,20000 - SECRETARIA  DA  FAZENDA  E PLANEJAMENTO,COEFICIENTE ENTRE A RECEITA DE IMPOSTOS E O PIB-SP (%),FINALÍSTICO,6.91
2000 - GESTÃO FISCAL E TRIBUTÁRIA,20000 - SECRETARIA  DA  FAZENDA  E PLANEJAMENTO,NÚMERO DE MEDIDAS DE SIMPLIFICAÇÃO NORMATIVA REFERENTES A OBRIGAÇÕES TRIBUTÁRIAS (UNIDADE),FINALÍSTICO,70.0
2000 - GESTÃO FISCAL E TRIBUTÁRIA,20000 - SECRETARIA  DA  FAZENDA  E PLANEJAMENTO,NÚMERO DE SETORES INCENTIVADOS (UNIDADE),FINALÍSTICO,12.0
2000 - GESTÃO FISCAL E TRIBUTÁRIA,20000 - SECRETARIA  DA  FAZENDA  E PLANEJAMENTO,RESULTADO PRIMÁRIO (R$ BILHÕES),FINALÍSTICO,12.6
2005 - FOMENTO AO DESENVOLVIMENTO SOCIOECONÔMICO,20000 - SECRETARIA  DA  FAZENDA  E PLANEJAMENTO,PERCENTUAL ACUMULADO DE CRESCIMENTO  DA CARTEIRA DE FINANCIAMENTO À INVESTIMENTO EM RELAÇÃO AO ANO DE 2019 (%),FINALÍSTICO,10.36
2021 - GESTÃO DOS REGIMES PRÓPRIOS DE PREVIDÊNCIA ESTADUAL,20000 - SECRETARIA  DA  FAZENDA  E PLANEJAMENTO,PERCENTUAL DE BENEFÍCIOS DE PENSÃO POR MORTE CONCEDIDOS EM PRAZO INFERIOR A 19 DIAS (%),FINALÍSTICO,83.0
2021 - GESTÃO DOS REGIMES PRÓPRIOS DE PREVIDÊNCIA ESTADUAL,20000 - SECRETARIA  DA  FAZENDA  E PLANEJAMENTO,TEMPO MÉDIO DE CONCESSÃO DE APOSENTADORIA (DIA),FINALÍSTICO,140.0
2027 - GESTÃO DE SERVIÇOS PRESTADOS À ADMINISTRAÇÃO ESTADUAL,20000 - SECRETARIA  DA  FAZENDA  E PLANEJAMENTO,ÍNDICE DE ABSENTEÍSMO POR ADOECIMENTO DE SERVIDORES E FUNCIONÁRIOS PÚBLICOS ESTADUAIS (%),FINALÍSTICO,4.96
2027 - GESTÃO DE SERVIÇOS PRESTADOS À ADMINISTRAÇÃO ESTADUAL,20000 - SECRETARIA  DA  FAZENDA  E PLANEJAMENTO,TAXA DE PERCEPÇÃO DOS SERVIDORES EM RELAÇÃO AO ALCANCE E À QUALIDADE DAS POLÍTICAS DE GESTÃO DE PESSOAS (%),FINALÍSTICO,20.0
2028 - GESTÃO INOVADORA E ORIENTADA PARA RESULTADOS,20000 - SECRETARIA  DA  FAZENDA  E PLANEJAMENTO,PERCENTUAL DE ATINGIMENTO DAS METAS DE RESULTADO ACORDADAS COM O BANCO INTERAMERICANO DE DESENVOLVIMENTO (BID),MELHORIA DE GESTÃO DE POLÍTICAS PÚBLICAS,7.14
2028 - GESTÃO INOVADORA E ORIENTADA PARA RESULTADOS,20000 - SECRETARIA  DA  FAZENDA  E PLANEJAMENTO,PERCENTUAL DE AVALIAÇÃO POSITIVA DOS USUÁRIOS DA BEC/SP (%),MELHORIA DE GESTÃO DE POLÍTICAS PÚBLICAS,80.0
2029 - FORTALECIMENTO DO SISTEMA ESTADUAL DE PLANEJAMENTO EORÇAMENTO,20000 - SECRETARIA  DA  FAZENDA  E PLANEJAMENTO,PORCENTAGEM DE PRODUTOS DO PODER EXECUTIVO NO PPA COM DESEMPENHO SATISFATÓRIO (%),FINALÍSTICO,58.0
2029 - FORTALECIMENTO DO SISTEMA ESTADUAL DE PLANEJAMENTO EORÇAMENTO,20000 - SECRETARIA  DA  FAZENDA  E PLANEJAMENTO,TAXA DE ADERÊNCIA ENTRE O VALOR DO ORÇAMENTO REALIZADO E DO ORÇAMENTO APROVADO (%),FINALÍSTICO,98.0
2505 - FOMENTO À HABITAÇÃO DE INTERESSE SOCIAL- CASA PAULISTA,25000 - SECRETARIA DA HABITAÇÃO,PERCENTUAL MÉDIO DO SUBSÍDIO DO FPHIS EM RELAÇÃO AO VALOR DO IMÓVEL ADQUIRIDO VIA FINANCIAMENTO (%),FINALÍSTICO,20.0
2507 - REGULARIZAÇÃO FUNDIÁRIA DE INTERESSE HABITACIONAL,25000 - SECRETARIA DA HABITAÇÃO,DOMICÍLIOS BENEFICIADOS POR REGULARIZAÇÃO (UNIDADE),FINALÍSTICO,78360.0
2508 - PROVISÃO DE MORADIAS,25000 - SECRETARIA DA HABITAÇÃO,MORADIAS VIABILIZADAS EM RELAÇÃO AO DÉFICIT HABITACIONAL FORA DOS ASSENTAMENTOS PRECÁRIOS (%),FINALÍSTICO,1.55
2510 - REQUALIFICAÇÃO HABITACIONAL E URBANA,25000 - SECRETARIA DA HABITAÇÃO,DOMICÍLIOS BENEFICIADOS COM AÇÕES DE REQUALIFICAÇÃO URBANA E HABITACIONAL E MORADIAS VIABILIZADAS COM RELAÇÃO AO,FINALÍSTICO,1.19
2604 - MONITORAMENTO DA QUALIDADE E REDUÇÃO DA PEGADA AMBIENTAL,26000 - SECRETARIA DE INFRAESTRUTURA E MEIO AMBIENTE,PERCENTUAL DE CLASSIFICAÇÃO  BOA DE QUALIDADE DO AR DE ACORDO COM AS MEDIÇÕES DA  REDE DE MONITORAMENTO DA CETESB,FINALÍSTICO,75.0
2604 - MONITORAMENTO DA QUALIDADE E REDUÇÃO DA PEGADA AMBIENTAL,26000 - SECRETARIA DE INFRAESTRUTURA E MEIO AMBIENTE,PERCENTUAL DE PONTOS MONITORADOS EM RIOS E RESERVATÓRIOS CLASSIFICADOS COMO ADEQUADOS PARA A PROTEÇÃO DA VIDA,FINALÍSTICO,75.0
2604 - MONITORAMENTO DA QUALIDADE E REDUÇÃO DA PEGADA AMBIENTAL,26000 - SECRETARIA DE INFRAESTRUTURA E MEIO AMBIENTE,TEMPO MÉDIO EFETIVO DE ANÁLISE DA CETESB NO LICENCIAMENTO AMBIENTAL COM AVALIAÇÃO DE IMPACTO (DIA),FINALÍSTICO,132.0
2604 - MONITORAMENTO DA QUALIDADE E REDUÇÃO DA PEGADA AMBIENTAL,26000 - SECRETARIA DE INFRAESTRUTURA E MEIO AMBIENTE,TEMPO MÉDIO EFETIVO DE ANÁLISE DA CETESB NO LICENCIAMENTO AMBIENTAL (DIA),FINALÍSTICO,90.0
"2617 - EDUCAÇÃO AMBIENTAL, CIDADANIA E MELHORIA DA QUALIDADE DE VIDA",26000 - SECRETARIA DE INFRAESTRUTURA E MEIO AMBIENTE,ÍNDICE DE COBERTURA DAS AÇÕES DE EDUCAÇÃO AMBIENTAL (UNIDADE),FINALÍSTICO,0.5
"2617 - EDUCAÇÃO AMBIENTAL, CIDADANIA E MELHORIA DA QUALIDADE DE VIDA",26000 - SECRETARIA DE INFRAESTRUTURA E MEIO AMBIENTE,ÍNDICE DE DIFUSÃO DE CONHECIMENTOS RELACIONADOS A MEIO AMBIENTE E GESTÃO AMBIENTAL (UNIDADE),FINALÍSTICO,0.5
"2617 - EDUCAÇÃO AMBIENTAL, CIDADANIA E MELHORIA DA QUALIDADE DE VIDA",26000 - SECRETARIA DE INFRAESTRUTURA E MEIO AMBIENTE,NÚMERO DE ACESSOS AOS CONTEÚDOS DIFUNDIDOS SOBRE MEIO AMBIENTE E GESTÃO AMBIENTAL (UNIDADE),FINALÍSTICO,642717.0
"2617 - EDUCAÇÃO AMBIENTAL, CIDADANIA E MELHORIA DA QUALIDADE DE VIDA",26000 - SECRETARIA DE INFRAESTRUTURA E MEIO AMBIENTE,PESSOAS MOBILIZADAS NAS AÇÕES DO PROGRAMA (UNIDADE),FINALÍSTICO,249793.0
2618 - CONSERVAÇÃO DA BIODIVERSIDADE E PROTEÇÃO AMBIENTAL,26000 - SECRETARIA DE INFRAESTRUTURA E MEIO AMBIENTE,"NÚMERO DE AUTOS DE INFRAÇÃO FINALIZADOS, OBRIGAÇÕES DE REPARAÇÃO CUMPRIDAS E MULTAS PAGAS OU ENCAMINHADAS PARA",FINALÍSTICO,4725.0
2618 - CONSERVAÇÃO DA BIODIVERSIDADE E PROTEÇÃO AMBIENTAL,26000 - SECRETARIA DE INFRAESTRUTURA E MEIO AMBIENTE,PERCENTUAL DE ESPÉCIES DA FAUNA SILVESTRE INCORPORADAS EM ESTRATÉGIAS E CONSERVAÇÃO DA BIODIVERSIDADE (%),FINALÍSTICO,31.46
2618 - CONSERVAÇÃO DA BIODIVERSIDADE E PROTEÇÃO AMBIENTAL,26000 - SECRETARIA DE INFRAESTRUTURA E MEIO AMBIENTE,"PERCENTUAL DE MUNICÍPIOS ATENDIDOS POR POLÍTICAS PÚBLICAS DE CONSERVAÇÃO, RECUPERAÇÃO E USO DA BIODIVERSIDADE (%)",FINALÍSTICO,48.91
2619 - FORTALECIMENTO DO PLANEJAMENTO E GESTÃO AMBIENTAL,26000 - SECRETARIA DE INFRAESTRUTURA E MEIO AMBIENTE,NÚMERO DE INFORMAÇÕES DISPONIBILIZADAS NO DATAGEO/RQA/ REDE ZEE/PORTAL MANANCIAIS (UNIDADE),MELHORIA DE GESTÃO DE POLÍTICAS PÚBLICAS,180.0
2619 - FORTALECIMENTO DO PLANEJAMENTO E GESTÃO AMBIENTAL,26000 - SECRETARIA DE INFRAESTRUTURA E MEIO AMBIENTE,NÚMERO DE MUNICÍPIOS CONTEMPLADOS COM INSTRUMENTOS DE ORDENAMENTO TERRITORIAL (UNIDADE),MELHORIA DE GESTÃO DE POLÍTICAS PÚBLICAS,81.0
2619 - FORTALECIMENTO DO PLANEJAMENTO E GESTÃO AMBIENTAL,26000 - SECRETARIA DE INFRAESTRUTURA E MEIO AMBIENTE,PERCENTUAL DE MUNICÍPIOS PARTICIPANTES DO PROGRAMA CONSTRUINDO CIDADES RESILIENTES (%),MELHORIA DE GESTÃO DE POLÍTICAS PÚBLICAS,38.76
2619 - FORTALECIMENTO DO PLANEJAMENTO E GESTÃO AMBIENTAL,26000 - SECRETARIA DE INFRAESTRUTURA E MEIO AMBIENTE,PERCENTUAL DE MUNICÍPIOS QUE PARTICIPAM DO MUNICÍPIO VERDE-AZUL - MVA COM ESTRUTURA DE MEIO AMBIENTE (%),MELHORIA DE GESTÃO DE POLÍTICAS PÚBLICAS,87.0
2622 - INFRAESTRUTURA HÍDRICA E COMBATE A ENCHENTES,26000 - SECRETARIA DE INFRAESTRUTURA E MEIO AMBIENTE,VAZÃO REGULARIZADA (M3/S),FINALÍSTICO,17.18
2622 - INFRAESTRUTURA HÍDRICA E COMBATE A ENCHENTES,26000 - SECRETARIA DE INFRAESTRUTURA E MEIO AMBIENTE,VOLUME DE RESERVAÇÃO CONSTRUÍDO (M3),FINALÍSTICO,2204700.0
2622 - INFRAESTRUTURA HÍDRICA E COMBATE A ENCHENTES,26000 - SECRETARIA DE INFRAESTRUTURA E MEIO AMBIENTE,VOLUME DESASSOREADO (M3),FINALÍSTICO,864000.0
2625 - DESENVOLVIMENTO DA POLÍTICA DE RECURSOS HÍDRICOS EIMPLEMENTAÇÃO DE SUAS AÇÕES,26000 - SECRETARIA DE INFRAESTRUTURA E MEIO AMBIENTE,ÍNDICE DE ADIMPLÊNCIA DA COBRANÇA PELO USO DA ÁGUA (%),FINALÍSTICO,92.0
2625 - DESENVOLVIMENTO DA POLÍTICA DE RECURSOS HÍDRICOS EIMPLEMENTAÇÃO DE SUAS AÇÕES,26000 - SECRETARIA DE INFRAESTRUTURA E MEIO AMBIENTE,ÍNDICE DE COBERTURA DAS UGRHI POR SALAS DE SITUAÇÃO DE RECURSOS HÍDRICOS (%),FINALÍSTICO,27.0
2625 - DESENVOLVIMENTO DA POLÍTICA DE RECURSOS HÍDRICOS EIMPLEMENTAÇÃO DE SUAS AÇÕES,26000 - SECRETARIA DE INFRAESTRUTURA E MEIO AMBIENTE,ÍNDICE DE CONTRATAÇÃO DE EMPREENDIMENTOS FEHIDRO (%),FINALÍSTICO,75.0
2701 - DEFESA DOS INTERESSES SOCIAIS E INDIVIDUAIS E DA ORDEM JURÍDICA,27000 - MINISTÉRIO PÚBLICO,ÁREAS DE ATUAÇÃO DO MINISTÉRIO PÚBLIO (UNIDADE),FINALÍSTICO,9.0
"2825 - ASSESSORAMENTO, COORDENAÇÃO E ARTICULAÇÃO DE POLÍTICA DOGOVERNO",28000 - CASA CIVIL,PERCENTUAL  DAS  DEMANDAS RESPONDIDAS (%),FINALÍSTICO,99.0
"2825 - ASSESSORAMENTO, COORDENAÇÃO E ARTICULAÇÃO DE POLÍTICA DOGOVERNO",28000 - CASA CIVIL,PERCENTUAL  DE REQUERIMENTOS RESPONDIDOS (%),FINALÍSTICO,85.0
2928 - DESENVOLVIMENTO REGIONAL INTEGRADO - CIDADES INTELIGENTES,29000 - SECRETARIA DE DESENVOLVIMENTO REGIONAL,NÚMERO DE MUNICÍPIOS ATENDIDOS PELOS CONVÊNIOS (UNIDADE),FINALÍSTICO,200.0
2929 - FOMENTO AO DESENVOLVIMENTO SUSTENTÁVEL DA MACROMETRÓPOLEPAULISTA,29000 - SECRETARIA DE DESENVOLVIMENTO REGIONAL,NÚMERO DE MUNICÍPIOS CONTEMPLADOS COM RECURSOS DOS FUNDOS DE DESENVOLVIMENTO METROPOLITANO (UNIDADE),FINALÍSTICO,73.0
2990 - DESENVOLVIMENTO DE AÇÕES DECORRENTES DE EMENDASPARLAMENTARES,52000 - SECRETARIA ESP. DE  RELAÇÕES INTERNACIONAIS,PERCENTUAL DE DEMANDAS ATENDIDAS EM RELAÇÃO ÀS DEMANDAS APRESENTADAS (%),FINALÍSTICO,90.0
3518 - SEGURANÇA ALIMENTAR E NUTRICIONAL,35000 - SECRETARIA DE DESENVOLVIMENTO SOCIAL,MUNICÍPIOS EM CONDIÇÃO DE INSEGURANÇA ALIMENTAR ALTA OU MUITO ALTA (UNIDADE),FINALÍSTICO,6.0
3518 - SEGURANÇA ALIMENTAR E NUTRICIONAL,35000 - SECRETARIA DE DESENVOLVIMENTO SOCIAL,"NÚMERO DE CRIANÇAS DE 0 A 5 ANOS QUE APRESENTAM DÉFICIT DE PESO, ACOMPANHADAS NAS CONDICIONALIDADES DE SAÚDE DO",FINALÍSTICO,1800.0
3519 - MELHORIA DA GESTÃO DA SEDS,35000 - SECRETARIA DE DESENVOLVIMENTO SOCIAL,QUANTIDADE DE INFRAESTRUTURA DE TI E SISTEMAS (UNIDADE),MELHORIA DE GESTÃO DE POLÍTICAS PÚBLICAS,6.0
3520 - QUALIFICAÇÃO DO APOIO À GESTÃO MUNICIPAL,35000 - SECRETARIA DE DESENVOLVIMENTO SOCIAL,NÚMERO DE TÉCNICOS E LIDERANÇAS MUNICIPAIS CAPACITADAS (UNIDADE),FINALÍSTICO,3115.0
3520 - QUALIFICAÇÃO DO APOIO À GESTÃO MUNICIPAL,35000 - SECRETARIA DE DESENVOLVIMENTO SOCIAL,PERCENTUAL DE EXECUÇÃO DE PLANO ESTADUAL DE APOIO TÉCNICO AOS MUNICÍPIOS (%),FINALÍSTICO,75.0
"3703 - PLANEJAMENTO, GESTÃO ESTRATÉGICA E MODERNIZAÇÃO DO TRANSP.METROP. - PITU VIVO",37000 - SECRETARIA DOS TRANSPORTES METROPOLITANOS,NÚMERO DE PASSAGEIROS TRANSPORTADOS POR ANO (UNIDADE),MELHORIA DE GESTÃO DE POLÍTICAS PÚBLICAS,3169855149.0
3709 - RENOVAÇÃO DO COMPLEXO TURÍSTICO EFCJ,37000 - SECRETARIA DOS TRANSPORTES METROPOLITANOS,TAXA DE OCUPAÇÃO (%),FINALÍSTICO,31.75
3813 - GESTÃO DA CUSTÓDIA DA POPULAÇÃO PENAL,38000 - SECRETARIA DA ADMINISTRAÇÃO PENITENCIÁRIA,PROPORÇÃO DE RETORNO NAS SAÍDAS TEMPORÁRIAS (%),FINALÍSTICO,96.28
3813 - GESTÃO DA CUSTÓDIA DA POPULAÇÃO PENAL,38000 - SECRETARIA DA ADMINISTRAÇÃO PENITENCIÁRIA,"RAZAO ENTRE CUSTODIADOS E AGENTES DE SEGURANÇA, ESCOLTA E VIGILÂNCIA PENITENCIÁRIA (UNIDADE)",FINALÍSTICO,7.45
4001 - ADVOCACIA DO ESTADO,40000 - PROCURADORIA GERAL DO ESTADO,ÍNDICE DE RECUPERAÇÃO DA DÍVIDA ATIVA (%),FINALÍSTICO,1.95
4001 - ADVOCACIA DO ESTADO,40000 - PROCURADORIA GERAL DO ESTADO,NÚMERO DE PARECERES JURÍDICOS EMITIDOS (UNIDADE),FINALÍSTICO,19000.0
4001 - ADVOCACIA DO ESTADO,40000 - PROCURADORIA GERAL DO ESTADO,NÚMERO DE PROCESSOS JUDICIAIS EM ACOMPANHAMENTO PELO CONTENCIOSO GERAL (UNIDADE),FINALÍSTICO,1100000.0
4004 - CENTRO DE ESTUDOS,40000 - PROCURADORIA GERAL DO ESTADO,CARGA HORÁRIA MÉDIA DE CURSOS DE APERFEIÇOAMENTO DE PROCURADORES E SERVIDORES (H),MELHORIA DE GESTÃO DE POLÍTICAS PÚBLICAS,12.0
4004 - CENTRO DE ESTUDOS,40000 - PROCURADORIA GERAL DO ESTADO,SATISFAÇÃO COM RELAÇÃO AOS CURSOS OFERECIDOS (%),MELHORIA DE GESTÃO DE POLÍTICAS PÚBLICAS,65.0
4109 - FOMENTO A ATIVIDADE ESPORTIVA E DE LAZER,41000 - SECRETARIA DE ESPORTES,ÍNDICE DE EFETIVIDADE DE PROJETOS DA LPIE APROVADOS PELA COMISSÃO DE ANALISE E APROVAÇÃO DE PROJETOS – CAAP (%),FINALÍSTICO,35.0
4109 - FOMENTO A ATIVIDADE ESPORTIVA E DE LAZER,41000 - SECRETARIA DE ESPORTES,ÍNDICE DE PARTICIPAÇÃO DOS MUNICÍPIOS EM TODOS OS EVENTOS DA COORDENADORIA DE ESPORTE (%),FINALÍSTICO,100.0
4109 - FOMENTO A ATIVIDADE ESPORTIVA E DE LAZER,41000 - SECRETARIA DE ESPORTES,ÍNDICE DE SATISFAÇÃO  DAS AÇÕES VOLTADAS PARA O PÚBLICO  ACIMA DE 60 ANOS (%),FINALÍSTICO,70.0
4109 - FOMENTO A ATIVIDADE ESPORTIVA E DE LAZER,41000 - SECRETARIA DE ESPORTES,PORCENTAGEM DO NUMERO DE UNIDADES DE ENSINO PARTICIPANTES DOS JOGOS ESCOLARES DO ESTADO DE SÃO PAULO (JEESP) (%),FINALÍSTICO,12.5
4110 - FORTALECIMENTO DA TEMÁTICA DA JUVENTUDE,29000 - SECRETARIA DE DESENVOLVIMENTO REGIONAL,ÍNDICE DE FORTALECIMENTO DAS TEMÁTICAS DA JUVENTUDE (%),FINALÍSTICO,23.0
4111 - INCENTIVO A INFRAESTRUTURA ESPORTIVA,41000 - SECRETARIA DE ESPORTES,PORCENTAGEM DE COBERTURA MUNICÍPIOS BENEFICIADOS COM AS AÇÕES DO PROGRAMA (%),FINALÍSTICO,50.0
4700 - SÃO PAULO + INCLUSÃO,47000 - SEC. DOS DIREITOS DA PESSOA COM DEFICIÊNCIA,NÚMERO DE MUNICÍPIOS COM OS QUAIS A SECRETARIA DESENVOLVE PARCERIAS VISANDO A PROMOÇÃO DA INCLUSÃO E O,FINALÍSTICO,40.0
5002 - ESTRUTURAÇÃO E PROMOÇÃO TURÍSTICA DO ESTADO DE SÃO PAULO,50000 - SECRETARIA DE TURISMO,PERCENTUAL DE VARIAÇÃO DA FREQUÊNCIA DE VÔOS NO ESTADO DE SÃO PAULO (%),FINALÍSTICO,18.0
5002 - ESTRUTURAÇÃO E PROMOÇÃO TURÍSTICA DO ESTADO DE SÃO PAULO,50000 - SECRETARIA DE TURISMO,PERCENTUAL DE VARIAÇÃO DOS DESEMBARQUES INTERNACIONAIS NO ESTADO DE SÃO PAULO (%),FINALÍSTICO,28.0
"5100 - PLANEJAMENTO, COORDENAÇÃO E GESTÃO EFICIENTE DO GOVERNO",51000 - SECRETARIA DE GOVERNO,REDUÇÃO PERCENTUAL DO GASTO COM LOCAÇÃO DE IMÓVEIS (%),MELHORIA DE GESTÃO DE POLÍTICAS PÚBLICAS,2.0
5101 - DEFESA CIVIL PROTEGE VOCÊ!,51000 - SECRETARIA DE GOVERNO,NÚMERO DE ÓBITOS EM DECORRÊNCIA DE DESASTRES NO ESTADO DE SÃO PAULO (UNIDADE),FINALÍSTICO,82.0
5102 - REDE SOCIAL DE CIDADANIA E SUSTENTABILIDADE,51000 - SECRETARIA DE GOVERNO,"NÚMERO TOTAL DE PESSOAS BENEFICIADAS PELO PROGRAMA "" REDE SOCIAL DE CIDADANIA E SUSTENTABILIDADE"" (UNIDADE)",FINALÍSTICO,318725.0
5103 - CONTROLE E TRANSPARÊNCIA DA ADMINISTRAÇÃO ESTADUAL,51000 - SECRETARIA DE GOVERNO,ÍNDICE DE DENÚNCIAS DE CORRUPÇÃO APURADAS/RESPONDIDAS (%),FINALÍSTICO,100.0
5103 - CONTROLE E TRANSPARÊNCIA DA ADMINISTRAÇÃO ESTADUAL,51000 - SECRETARIA DE GOVERNO,ÍNDICE DE PROCEDIMENTOS CONCLUÍDOS (%),FINALÍSTICO,40.0
5104 - ARQUIVO DO ESTADO - PRESERVAÇÃO E GESTÃO DOCUMENTAL,51000 - SECRETARIA DE GOVERNO,METRAGEM DE DOCUMENTOS AVALIADOS E DESTINADOS À ELIMINAÇÃO (UNIDADE),FINALÍSTICO,66750.0
5104 - ARQUIVO DO ESTADO - PRESERVAÇÃO E GESTÃO DOCUMENTAL,51000 - SECRETARIA DE GOVERNO,METRAGEM DO ACERVO CUSTODIADO NO ARQUIVO PÚBLICO DO ESTADO DE SÃO PAULO - APESP (M),FINALÍSTICO,40843.07
5104 - ARQUIVO DO ESTADO - PRESERVAÇÃO E GESTÃO DOCUMENTAL,51000 - SECRETARIA DE GOVERNO,PERCENTUAL DE ATENDIMENTO AOS PEDIDOS DE ACESSO À INFORMAÇÃO - LAI (%),FINALÍSTICO,92.5
5104 - ARQUIVO DO ESTADO - PRESERVAÇÃO E GESTÃO DOCUMENTAL,51000 - SECRETARIA DE GOVERNO,QUANTIDADE DE ITENS DOCUMENTAIS MODELADOS PARA PRODUÇÃO DE DOCUMENTOS DIGITAIS (UNIDADE),FINALÍSTICO,584.0
5113 - DESENVOLVIMENTO E EXCELÊNCIA DA PRESTAÇÃO DOS SERVIÇOS DETRANSPORTE DELEGADOS,51000 - SECRETARIA DE GOVERNO,PERCENTUAL DE EMPRESAS FISCALIZADAS (%),FINALÍSTICO,100.0
"5114 - EVOLUÇÃO REGULATÓRIA EM ENERGIA ELÉTRICA, GÁS CANALIZADO ESANEAMENTO BÁSICO",51000 - SECRETARIA DE GOVERNO,ACOMPANHAMENTO DO INDICADOR DEC (DURAÇÃO EQUIVALENTE DE INTERRUPÇÃO POR UNIDADE CONSUMIDORA) GLOBAL DO ESTADO,FINALÍSTICO,7.21
"5114 - EVOLUÇÃO REGULATÓRIA EM ENERGIA ELÉTRICA, GÁS CANALIZADO ESANEAMENTO BÁSICO",51000 - SECRETARIA DE GOVERNO,ACOMPANHAMENTO DO INDICADOR FEC (FREQUÊNCIA EQUIVALENTE DE INTERRUPÇÃO POR UNIDADE CONSUMIDORA) GLOBAL DO,FINALÍSTICO,5.63
"5114 - EVOLUÇÃO REGULATÓRIA EM ENERGIA ELÉTRICA, GÁS CANALIZADO ESANEAMENTO BÁSICO",51000 - SECRETARIA DE GOVERNO,ÍNDICE MÉDIO ANUAL DE RECLAMAÇÕES DE GÁS CANALIZADO A CADA 10 MIL USUÁRIOS (UNIDADE),FINALÍSTICO,6.5
"5114 - EVOLUÇÃO REGULATÓRIA EM ENERGIA ELÉTRICA, GÁS CANALIZADO ESANEAMENTO BÁSICO",51000 - SECRETARIA DE GOVERNO,ÍNDICE MÉDIO ANUAL DE RECLAMAÇÕES DE SANEAMENTO BÁSICO A CADA 10 MIL ECONOMIAS DE ÁGUA (UNIDADE),FINALÍSTICO,4.0
5115 - DESENVOLVIMENTO DE PARCERIA COM A INICIATIVA PRIVADA,51000 - SECRETARIA DE GOVERNO,NÚMERO DE PARCERIAS EM EXECUÇÃO (UNIDADE),FINALÍSTICO,585.0
5118 - RESPEITO À VIDA,51000 - SECRETARIA DE GOVERNO,TAXA DE MORTALIDADE DECORRENTE DE ACIDENTES DE TRÂNSITO NAS VIAS FEDERAIS E ESTADUAIS (RODOVIAS) NO TERRITÓRIO,FINALÍSTICO,4.1
5118 - RESPEITO À VIDA,51000 - SECRETARIA DE GOVERNO,TAXA DE MORTALIDADE EM ACIDENTES DE TRÂNSITO NO ESTADO DE SÃO PAULO (UNIDADE),FINALÍSTICO,9.6
5119 - TECNOLOGIA E INOVAÇÃO NA GESTÃO GOVERNAMENTAL,51000 - SECRETARIA DE GOVERNO,ÍNDICE DE SATISFAÇÃO DO CLIENTE IMESP (%),FINALÍSTICO,73.5
5119 - TECNOLOGIA E INOVAÇÃO NA GESTÃO GOVERNAMENTAL,51000 - SECRETARIA DE GOVERNO,ÍNDICE DE SATISFAÇÃO DO USUÁRIO DO ACESSA SP (%),FINALÍSTICO,97.0
5119 - TECNOLOGIA E INOVAÇÃO NA GESTÃO GOVERNAMENTAL,51000 - SECRETARIA DE GOVERNO,ÍNDICE DE SATISFAÇÃO DO USUÁRIO DO POUPATEMPO (%),FINALÍSTICO,98.0
5119 - TECNOLOGIA E INOVAÇÃO NA GESTÃO GOVERNAMENTAL,51000 - SECRETARIA DE GOVERNO,MÉDIA DE SATISFAÇÃO DO CLIENTE CORPORATIVO PRODESP (UNIDADE),FINALÍSTICO,7.4
5121 - ASSISTÊNCIA MÉDICA AO SERVIDOR PÚBLICO ESTADUAL,51000 - SECRETARIA DE GOVERNO,TAXA DE SATISFAÇÃO AOS USUÁRIOS DO IAMSPE (%),FINALÍSTICO,79.6
5122 - UM NOVO DETRAN PARA SÃO PAULO,51000 - SECRETARIA DE GOVERNO,ÍNDICE DE SATISFAÇÃO COM O NOVO DETRAN (%),FINALÍSTICO,96.2
5122 - UM NOVO DETRAN PARA SÃO PAULO,51000 - SECRETARIA DE GOVERNO,ÍNDICE DE UNIDADES MODERNIZADAS (%),FINALÍSTICO,84.0
5123 - COMUNICAÇÃO SOCIAL,51000 - SECRETARIA DE GOVERNO,GRAU DE CONHECIMENTO DA POPULAÇÃO SOBRE A ATUAÇÃO DO GOVERNO (UNIDADE),FINALÍSTICO,1.01
5200 - SÃO PAULO INTERNACIONAL,52000 - SECRETARIA ESP. DE  RELAÇÕES INTERNACIONAIS,NÚMERO DE PARCERIAS E COOPERAÇÃO INTERNACIONAL FORMALIZADAS (UNIDADE),MELHORIA DE GESTÃO DE POLÍTICAS PÚBLICAS,3.0
