programa,orgao,publico_alvo,abrangencia_espacial,finialidade_programa,produto,finialidade_produto,indicador_produto,fonte_informacao_produto,periodo_transferencia_produto,valor_mais_recente_produto,meta_final_ppa_produto
0815 - GESTÃO INSTITUCIONAL DA SECRETARIA DA EDUCAÇÃO,08000 - SECRETARIA DA EDUCAÇÃO,ALUNOS E PROFISSIONAIS DA REDE ESTADUAL DE EDUCAÇÃO.,ESTADO,FINALÍSTICO,PRODUTO: ALIMENTAÇÃO ESCOLAR OFERECIDA AOS ALUNOS DA REDE ESTADUAL,FINALÍSTICO,NÚMERO DE ALUNOS ATENDIDOS PELO SERVIÇO DE ALIMENTAÇÃOESCOLAR (UNIDADE),INEP - CENSO ESCOLAR/SEE-SAESP 2/SED (SECRETARIAESCOLAR DIGITAL),2016-2018,2377053.0,2400000.0
0815 - GESTÃO INSTITUCIONAL DA SECRETARIA DA EDUCAÇÃO,08000 - SECRETARIA DA EDUCAÇÃO,ALUNOS E PROFISSIONAIS DA REDE ESTADUAL DE EDUCAÇÃO.,ESTADO,FINALÍSTICO,PRODUTO: TRANSPORTE ESCOLAR REGULAR E ESPECIALIZADO GARANTIDO,FINALÍSTICO,PERCENTUAL DE ALUNOS DA REDE ESTADUAL TRANSPORTADOS (%),"""SEDUC /CISE/ DEPART. DESERVIÇOS DE TRANSPORTEE ASSISTÊNCIA AO ALUNO /CENTRO DE TRANSPORTE ES",2018,11.0,11.0
0815 - GESTÃO INSTITUCIONAL DA SECRETARIA DA EDUCAÇÃO,08000 - SECRETARIA DA EDUCAÇÃO,ALUNOS E PROFISSIONAIS DA REDE ESTADUAL DE EDUCAÇÃO.,ESTADO,FINALÍSTICO,PRODUTO: REDE FÍSICA ESCOLAR ADEQUADA PARA A APRENDIZAGEM A PARTIR DO CURRÍCULO PAULISTA,FINALÍSTICO,NÚMERO DE INTERVENÇÕES DE INFRAESTRUTURA FÍSICA NOS PRÉDIOSDA REDE ESTADUAL DE ENSINO (UNIDADE),SEDUC/ CISE,2016-2018,2901.0,3825.0
0815 - GESTÃO INSTITUCIONAL DA SECRETARIA DA EDUCAÇÃO,08000 - SECRETARIA DA EDUCAÇÃO,ALUNOS E PROFISSIONAIS DA REDE ESTADUAL DE EDUCAÇÃO.,ESTADO,FINALÍSTICO,PRODUTO: REDE FÍSICA ESCOLAR ADEQUADA PARA A APRENDIZAGEM A PARTIR DO CURRÍCULO PAULISTA,FINALÍSTICO,PERCENTUAL DE SERVIÇOS DE MANUTENÇÃO ATENDIDOS NO TOTALDOS SERVIÇOS SOLICITADOS NO ANO (%),SEDUC-CISE,2016-2018,100.0,100.0
0815 - GESTÃO INSTITUCIONAL DA SECRETARIA DA EDUCAÇÃO,08000 - SECRETARIA DA EDUCAÇÃO,ALUNOS E PROFISSIONAIS DA REDE ESTADUAL DE EDUCAÇÃO.,ESTADO,FINALÍSTICO,"PRODUTO: EQUIPAMENTOS, MOBILIÁRIO,SUPRIMENTO,SERVIÇOS E KIT ESCOLAR PARA O NOVO CURRÍCULO",FINALÍSTICO,PERCENTUAL DE ESCOLAS ATENDIDAS COM REPOSIÇÃO DE MATERIALPERMANENTE E PARA CONSUMO PARA APOIO À APRENDIZAGEM (%),SEDUC-DIRETORIAS DEENSINO/ GEMAT,,,100.0
0815 - GESTÃO INSTITUCIONAL DA SECRETARIA DA EDUCAÇÃO,08000 - SECRETARIA DA EDUCAÇÃO,ALUNOS E PROFISSIONAIS DA REDE ESTADUAL DE EDUCAÇÃO.,ESTADO,FINALÍSTICO,PRODUTO: RECURSOS DE TECNOLOGIA DE INFORMAÇÃO E COMUNICAÇÃO PARA PROJETOS PRIORITÁRIOS,FINALÍSTICO,PERCENTUAL DE UNIDADES DA REDE ESTADUAL BENEFICIADAS PELAAQUISIÇÃO DE EQUIPAMENTOS E RECURSOS DE TECNOLOGIA DACOMUNICAÇÃO (%),SEDUC/CITEM,2018,53.0,85.0
0815 - GESTÃO INSTITUCIONAL DA SECRETARIA DA EDUCAÇÃO,08000 - SECRETARIA DA EDUCAÇÃO,ALUNOS E PROFISSIONAIS DA REDE ESTADUAL DE EDUCAÇÃO.,ESTADO,FINALÍSTICO,PRODUTO: PROFISSIONALIZAÇÃO E GESTÃO DE PESSOAS COM FOCO NA APRENDIZAGEM,MELHORIA DE GESTÃO,PERCENTUAL DE ABSENTEÍSMO DOS PROFISSIONAIS DA EDUCAÇÃO (%),SEDUC/ RELATÓRIO BFE/HOLERITE,,,11.07
0815 - GESTÃO INSTITUCIONAL DA SECRETARIA DA EDUCAÇÃO,08000 - SECRETARIA DA EDUCAÇÃO,ALUNOS E PROFISSIONAIS DA REDE ESTADUAL DE EDUCAÇÃO.,ESTADO,FINALÍSTICO,PRODUTO: PROFISSIONALIZAÇÃO E GESTÃO DE PESSOAS COM FOCO NA APRENDIZAGEM,MELHORIA DE GESTÃO,PERCENTUAL DE PROFESSORES QUE CUMPREM TODA A SUA JORNADAEM UMA MESMA ESCOLA ESTADUAL (%),SISTEMA DE CADASTROCARGA HORÁRIA,2018,24.7,34.0
0815 - GESTÃO INSTITUCIONAL DA SECRETARIA DA EDUCAÇÃO,08000 - SECRETARIA DA EDUCAÇÃO,ALUNOS E PROFISSIONAIS DA REDE ESTADUAL DE EDUCAÇÃO.,ESTADO,FINALÍSTICO,PRODUTO: PARCERIAS ESTADO-MUNICÍPIOS PARA CONSTRUÇÕES ESCOLARES,MELHORIA DE GESTÃO,NÚMERO DE CRECHES CONSTRUÍDAS (UNIDADE),SEDUC - CISE,2016-2018,243.0,1110.0
0815 - GESTÃO INSTITUCIONAL DA SECRETARIA DA EDUCAÇÃO,08000 - SECRETARIA DA EDUCAÇÃO,ALUNOS E PROFISSIONAIS DA REDE ESTADUAL DE EDUCAÇÃO.,ESTADO,FINALÍSTICO,PRODUTO: PARCERIAS ESTADO-MUNICÍPIOS PARA CONSTRUÇÕES ESCOLARES,MELHORIA DE GESTÃO,NÚMERO DE OBRAS CONVENIADAS EM ANDAMENTO (UNIDADE),SEDUC - CISE,2016-2018,185.0,300.0
0815 - GESTÃO INSTITUCIONAL DA SECRETARIA DA EDUCAÇÃO,08000 - SECRETARIA DA EDUCAÇÃO,ALUNOS E PROFISSIONAIS DA REDE ESTADUAL DE EDUCAÇÃO.,ESTADO,FINALÍSTICO,PRODUTO: FORTALECIMENTO DA AUTOGESTÃO ESCOLAR E DA PARTICIPAÇÃO DA COMUNIDADE,MELHORIA DE GESTÃO,NÚMERO DE ESCOLAS APTAS A UTILIZAR OS RECURSOS DO PROGRAMADINHEIRO DIRETO NA ESCOLA DE SÃO PAULO (UNIDADE),MÓDULO DE PRESTAÇÃO DECONTAS DO PDDE PAULISTA -SED,,,5100.0
0815 - GESTÃO INSTITUCIONAL DA SECRETARIA DA EDUCAÇÃO,08000 - SECRETARIA DA EDUCAÇÃO,ALUNOS E PROFISSIONAIS DA REDE ESTADUAL DE EDUCAÇÃO.,ESTADO,FINALÍSTICO,PRODUTO: ENGAJAMENTO DA REDE ESTADUAL POR MEIO AÇÕES DE COMUNICAÇÃO,MELHORIA DE GESTÃO,PRODUÇÃO DE CONTEÚDO INFORMATIVO (UNIDADE),SEDUC/ ASSESSORIA DECOMUNICAÇÃO SOCIAL,,,5200.0
0815 - GESTÃO INSTITUCIONAL DA SECRETARIA DA EDUCAÇÃO,08000 - SECRETARIA DA EDUCAÇÃO,ALUNOS E PROFISSIONAIS DA REDE ESTADUAL DE EDUCAÇÃO.,ESTADO,FINALÍSTICO,PRODUTO: ENGAJAMENTO DA REDE ESTADUAL POR MEIO AÇÕES DE COMUNICAÇÃO,MELHORIA DE GESTÃO,RETORNO DO CONTEÚDO INFORMATIVO (%),SEDUC/  ASSESSORIA DECOMUNICAÇÃO SOCIAL,,,80.0
0815 - GESTÃO INSTITUCIONAL DA SECRETARIA DA EDUCAÇÃO,08000 - SECRETARIA DA EDUCAÇÃO,ALUNOS E PROFISSIONAIS DA REDE ESTADUAL DE EDUCAÇÃO.,ESTADO,FINALÍSTICO,PRODUTO: INOVAÇÃO E MELHORIA NOS PROCESSOS DE GESTÃO DA SECRETARIA DE EDUCAÇÃO,MELHORIA DE GESTÃO,PERCENTUAL DE PROCESSOS PRIORIZADOS E MAPEADOS (%),SEDUC,2019,5.0,100.0
1201 - ECONOMIA CRIATIVA,12000 - SECRETARIA DA CULTURA E ECONOMIA CRIATIVA,"MUNICÍPIOS DO ESTADO, EMPREENDEDORES DOS SEGMENTOS CRIATIVOS E A POPULAÇÃO DOESTADO DE SÃO PAULO.",ESTADO,FINALÍSTICO,PRODUTO: ATIVIDADES REALIZADAS PELOS CORPOS ESTÁVEIS E EQUIPAMENTOS CULTURAIS,FINALÍSTICO,ATIVIDADES REALIZADAS (UNIDADE),REGISTRO ADMINISTRATIVO /INFORMAÇÕES DAS OS’S EPARCEIROS,2019-2019,1712.0,12224.0
1201 - ECONOMIA CRIATIVA,12000 - SECRETARIA DA CULTURA E ECONOMIA CRIATIVA,"MUNICÍPIOS DO ESTADO, EMPREENDEDORES DOS SEGMENTOS CRIATIVOS E A POPULAÇÃO DOESTADO DE SÃO PAULO.",ESTADO,FINALÍSTICO,PRODUTO: ATIVIDADES REALIZADAS PELOS CORPOS ESTÁVEIS E EQUIPAMENTOS CULTURAIS,FINALÍSTICO,PUBLICO ATENDIDO (UNIDADE),REGISTRO ADMINISTRATIVO /INFORMAÇÕES DAS OS’S EPARCEIROS,2019-2019,608000.0,3889216.0
1201 - ECONOMIA CRIATIVA,12000 - SECRETARIA DA CULTURA E ECONOMIA CRIATIVA,"MUNICÍPIOS DO ESTADO, EMPREENDEDORES DOS SEGMENTOS CRIATIVOS E A POPULAÇÃO DOESTADO DE SÃO PAULO.",ESTADO,FINALÍSTICO,PRODUTO: ATIVIDADES VOLTADAS AO DES SETORIAL E ESTÍMULO A INOVAÇÃO E INSERÇÃO EM MERCADOS,FINALÍSTICO,EMPREENDEDORES ATENDIDOS (UNIDADE),REGISTRO ADMINISTRATIVO /INFORMAÇÕES DAS OS’S EPARCEIROS,,,1520.0
1201 - ECONOMIA CRIATIVA,12000 - SECRETARIA DA CULTURA E ECONOMIA CRIATIVA,"MUNICÍPIOS DO ESTADO, EMPREENDEDORES DOS SEGMENTOS CRIATIVOS E A POPULAÇÃO DOESTADO DE SÃO PAULO.",ESTADO,FINALÍSTICO,PRODUTO: ATIVIDADES VOLTADAS AO DES SETORIAL E ESTÍMULO A INOVAÇÃO E INSERÇÃO EM MERCADOS,FINALÍSTICO,MUNICÍPIOS ATENDIDOS (UNIDADE),REGISTRO ADMINISTRATIVO /INFORMAÇÕES DAS OS’S EPARCEIROS,,,380.0
1201 - ECONOMIA CRIATIVA,12000 - SECRETARIA DA CULTURA E ECONOMIA CRIATIVA,"MUNICÍPIOS DO ESTADO, EMPREENDEDORES DOS SEGMENTOS CRIATIVOS E A POPULAÇÃO DOESTADO DE SÃO PAULO.",ESTADO,FINALÍSTICO,PRODUTO: ATIVIDADES DE DIFUSÃO E FRUIÇÃO REALIZADAS,FINALÍSTICO,MUNICIPIOS ATENDIDOS (UNIDADE),REGISTRO ADMINISTRATIVO /INFORMAÇÕES DAS OS’S EPARCEIROS,2019-2019,215.0,218.0
1201 - ECONOMIA CRIATIVA,12000 - SECRETARIA DA CULTURA E ECONOMIA CRIATIVA,"MUNICÍPIOS DO ESTADO, EMPREENDEDORES DOS SEGMENTOS CRIATIVOS E A POPULAÇÃO DOESTADO DE SÃO PAULO.",ESTADO,FINALÍSTICO,PRODUTO: ATIVIDADES DE DIFUSÃO E FRUIÇÃO REALIZADAS,FINALÍSTICO,PESSOAS ATENDIDAS (UNIDADE),REGISTRO ADMINISTRATIVO /INFORMAÇÕES DAS OS’S EPARCEIROS,2019-2019,1167700.0,5090800.0
1203 - FORMAÇÃO CULTURAL,12000 - SECRETARIA DA CULTURA E ECONOMIA CRIATIVA,POPULAÇÃO DO ESTADO DE SÃO PAULO,ESTADO,FINALÍSTICO,"PRODUTO: FORMAÇÃO DE  ALUNOS EM MÚSICA, GESTÃO DE TEATROS E ORQUESTRA PROFISSIONAL",FINALÍSTICO,NÚMERO DE ALUNOS FORMADOS (UNIDADE),INFORMAÇÕES DAS OS`S EPARCEIROS,2019-2019,204.0,720.0
1203 - FORMAÇÃO CULTURAL,12000 - SECRETARIA DA CULTURA E ECONOMIA CRIATIVA,POPULAÇÃO DO ESTADO DE SÃO PAULO,ESTADO,FINALÍSTICO,"PRODUTO: FORMAÇÃO DE  ALUNOS EM MÚSICA, GESTÃO DE TEATROS E ORQUESTRA PROFISSIONAL",FINALÍSTICO,NÚMERO DE ALUNOS REGULARES DO CONSERVATÓRIO DE TATUÍ(UNIDADE),INFORMAÇÕES DAS OS`S EPARCEIROS,2016-2018,6550.0,8000.0
1203 - FORMAÇÃO CULTURAL,12000 - SECRETARIA DA CULTURA E ECONOMIA CRIATIVA,POPULAÇÃO DO ESTADO DE SÃO PAULO,ESTADO,FINALÍSTICO,"PRODUTO: FORMAÇÃO DE ALUNOS EM MÚSICA, GESTÃO DE TEATROS E ORQUESTRA PROFISSIONAL",FINALÍSTICO,NÚMERO DE ALUNOS REGULARES ATENDIDOS NA ESCOLA DE MÚSICA(UNIDADE),INFORMAÇÕES DAS OS`S EPARCEIROS,2016-2018,4233.0,5000.0
1203 - FORMAÇÃO CULTURAL,12000 - SECRETARIA DA CULTURA E ECONOMIA CRIATIVA,POPULAÇÃO DO ESTADO DE SÃO PAULO,ESTADO,FINALÍSTICO,"PRODUTO: FORMAÇÃO DE ALUNOS EM MÚSICA, GESTÃO DE TEATROS E ORQUESTRA PROFISSIONAL",FINALÍSTICO,"PÚBLICO FREQUENTADOR DAS TEMPORADAS ARTÍSTICAS DOS GRUPOSJOVENS, DE TEATROS E ORQUESTRA PROFISSIONAL (UNIDADE)",INFORMAÇÕES DAS OS`S EPARCEIROS,2018-2018,57738.0,138600.0
1203 - FORMAÇÃO CULTURAL,12000 - SECRETARIA DA CULTURA E ECONOMIA CRIATIVA,POPULAÇÃO DO ESTADO DE SÃO PAULO,ESTADO,FINALÍSTICO,PRODUTO: FORMAÇÃO EM DIVERSAS ÁREAS DAS ARTES CÊNICAS - SP ESCOLA DE TEATRO,FINALÍSTICO,NÚMERO DE ALUNOS ATENDIDOS EM CURSOS REGULARES (UNIDADE),INFORMAÇÕES DAS OS`S EPARCEIROS,2016-2018,1171.0,1508.0
1203 - FORMAÇÃO CULTURAL,12000 - SECRETARIA DA CULTURA E ECONOMIA CRIATIVA,POPULAÇÃO DO ESTADO DE SÃO PAULO,ESTADO,FINALÍSTICO,PRODUTO: FORMAÇÃO EM DIVERSAS ÁREAS DAS ARTES CÊNICAS - SP ESCOLA DE TEATRO,FINALÍSTICO,NÚMERO DE ALUNOS FORMADOS (UNIDADE),INFORMAÇÕES DAS OS ́S EPARCEIROS,2019-2019,97.0,340.0
1203 - FORMAÇÃO CULTURAL,12000 - SECRETARIA DA CULTURA E ECONOMIA CRIATIVA,POPULAÇÃO DO ESTADO DE SÃO PAULO,ESTADO,FINALÍSTICO,PRODUTO: ATIVIDADES DE FORMAÇÃO DE CONTATO - OFICINAS CULTURAIS,FINALÍSTICO,MÉDIA ANUAL DE MUNICÍPIOS ATENDIDOS (UNIDADE),INFORMAÇÕES DAS OS`S EPARCEIROS,2016-2019,244.0,230.0
1203 - FORMAÇÃO CULTURAL,12000 - SECRETARIA DA CULTURA E ECONOMIA CRIATIVA,POPULAÇÃO DO ESTADO DE SÃO PAULO,ESTADO,FINALÍSTICO,PRODUTO: ATIVIDADES DE FORMAÇÃO DE CONTATO - OFICINAS CULTURAIS,FINALÍSTICO,NÚMERO DE PESSOAS ATENDIDO NAS OFICINAS CULTURAIS (UNIDADE),INFORMAÇÕES DAS OS`S EPARCEIROS,2016-2018,341073.0,258000.0
1203 - FORMAÇÃO CULTURAL,12000 - SECRETARIA DA CULTURA E ECONOMIA CRIATIVA,POPULAÇÃO DO ESTADO DE SÃO PAULO,ESTADO,FINALÍSTICO,PRODUTO: ATIVIDADES DE FORMAÇÃO EM DIVERSAS LINGUAGENS ARTÍSTICAS - FÁBRICAS DE CULTURA,FINALÍSTICO,NÚMERO DE EQUIPAMENTOS INSTALADOS (UNIDADE),SECEC,2019-2019,11.0,14.0
1203 - FORMAÇÃO CULTURAL,12000 - SECRETARIA DA CULTURA E ECONOMIA CRIATIVA,POPULAÇÃO DO ESTADO DE SÃO PAULO,ESTADO,FINALÍSTICO,PRODUTO: ATIVIDADES DE FORMAÇÃO EM DIVERSAS LINGUAGENS ARTÍSTICAS - FÁBRICAS DE CULTURA,FINALÍSTICO,NÚMERO DE PESSOAS ATENDIDAS EM TODAS AS ATIVIDADES DASFÁBRICAS DE CULTURA (UNIDADE),INFORMAÇÕES DAS OS`S EPARCEIROS,2016-2019,1670531.0,6480000.0
1203 - FORMAÇÃO CULTURAL,12000 - SECRETARIA DA CULTURA E ECONOMIA CRIATIVA,POPULAÇÃO DO ESTADO DE SÃO PAULO,ESTADO,FINALÍSTICO,PRODUTO: EDUCAÇÃO MUSICAL PARA CRIANÇAS E JOVENS - PROJETO GURI,FINALÍSTICO,MÉDIA ANUAL DE MUNICÍPIOS COM POLOS DE ENSINO DO PROJETO(UNIDADE),INFORMAÇÕES DAS OS`S EPARCEIROS,2016-2018,298.0,280.0
1203 - FORMAÇÃO CULTURAL,12000 - SECRETARIA DA CULTURA E ECONOMIA CRIATIVA,POPULAÇÃO DO ESTADO DE SÃO PAULO,ESTADO,FINALÍSTICO,PRODUTO: EDUCAÇÃO MUSICAL PARA CRIANÇAS E JOVENS - PROJETO GURI,FINALÍSTICO,NÚMERO DE ALUNOS ATENDIDOS PELO PROJETO (UNIDADE),INFORMAÇÕES DAS OS`S EPARCEIROS,2016-2018,147773.0,200000.0
1203 - FORMAÇÃO CULTURAL,12000 - SECRETARIA DA CULTURA E ECONOMIA CRIATIVA,POPULAÇÃO DO ESTADO DE SÃO PAULO,ESTADO,FINALÍSTICO,PRODUTO: IMPLANTAÇÃO DE UNIDADES DAS FÁBRICAS DE CULTURA COM O CONCEITO 4.0,FINALÍSTICO,NÚMERO DE UNIDADES DA FÁBRICAS DE CULTURA 4.0 IMPLANTADAS(UNIDADE),SECRETARIA DE CULTURA EECONOMIA CRIATIVA,,,4.0
2000 - GESTÃO FISCAL E TRIBUTÁRIA,"53000 - SECRETARIA DE PROJETOS, ORÇAMENTO E  GESTÃO",POPULAÇÃO DO ESTADO DE SÃO PAULO,ESTADO,FINALÍSTICO,PRODUTO: ARRECADAÇÃO DE IMPOSTOS ESTADUAIS,FINALÍSTICO,ARRECADAÇÃO DE IMPOSTOS (R$ BILHÕES),SEFAZ (RELATÓRIOS DEARRECADAÇÃO DAADMINISTRAÇÃOTRIBUTÁRIA).,2015-2018,576.67,763.68
2000 - GESTÃO FISCAL E TRIBUTÁRIA,"53000 - SECRETARIA DE PROJETOS, ORÇAMENTO E  GESTÃO",POPULAÇÃO DO ESTADO DE SÃO PAULO,ESTADO,FINALÍSTICO,PRODUTO: ARRECADAÇÃO DE IMPOSTOS ESTADUAIS,FINALÍSTICO,ÍNDICE DE INADIMPLÊNCIA DO ICMS (%),SEFAZ (RELATÓRIOS DEARRECADAÇÃO DAADMINISTRAÇÃOTRIBUTÁRIA),,,5.67
2000 - GESTÃO FISCAL E TRIBUTÁRIA,"53000 - SECRETARIA DE PROJETOS, ORÇAMENTO E  GESTÃO",POPULAÇÃO DO ESTADO DE SÃO PAULO,ESTADO,FINALÍSTICO,PRODUTO: FORTALECIMENTO DO SISTEMA DE CONTROLE INTERNO,FINALÍSTICO,PERCENTUAL DE EXECUÇÃO DE AUDITORIAS PLANEJADAS (%),CIGER E PLANILHA DECONTROLE DODEPARTAMENTO DECONTROLE E AVALIAÇÃO,,,98.0
2000 - GESTÃO FISCAL E TRIBUTÁRIA,"53000 - SECRETARIA DE PROJETOS, ORÇAMENTO E  GESTÃO",POPULAÇÃO DO ESTADO DE SÃO PAULO,ESTADO,FINALÍSTICO,PRODUTO: FORTALECIMENTO DO SISTEMA DE CONTROLE INTERNO,FINALÍSTICO,PERCEPÇÃO DOS GESTORES DAS UNIDADES AUDITADAS SOBRE AINFLUÊNCIA QUE OS TRABALHOS REALIZADOS PELO DCA TIVERAM NAEFICIÊNCIA DA GESTÃO LOCAL (%),QUESTIONÁRIO APLICADO AGESTORES DAS UNIDADESAUDITADAS PELO DCA,,,70.0
2000 - GESTÃO FISCAL E TRIBUTÁRIA,"53000 - SECRETARIA DE PROJETOS, ORÇAMENTO E  GESTÃO",POPULAÇÃO DO ESTADO DE SÃO PAULO,ESTADO,FINALÍSTICO,PRODUTO: RESULTADOS FINANCEIROS,FINALÍSTICO,DÍVIDA CONSOLIDADA LÍQUIDA SOBRE A RECEITA CORRENTE LÍQUIDA(DCL/RCL) (%),RELATÓRIO DE GESTÃOFISCAL (RGF),2018,174.45,151.0
2000 - GESTÃO FISCAL E TRIBUTÁRIA,"53000 - SECRETARIA DE PROJETOS, ORÇAMENTO E  GESTÃO",POPULAÇÃO DO ESTADO DE SÃO PAULO,ESTADO,FINALÍSTICO,PRODUTO: PROJETOS DE PARCERIA PÚBLICA ANALISADOS,MELHORIA DE GESTÃO,NÚMERO DE PROJETOS ANALISADOS (UNIDADE),ESTUDOS TÉCNICOSACOMPANHADOS PELA CPP,,,4.0
2000 - GESTÃO FISCAL E TRIBUTÁRIA,"53000 - SECRETARIA DE PROJETOS, ORÇAMENTO E  GESTÃO",POPULAÇÃO DO ESTADO DE SÃO PAULO,ESTADO,FINALÍSTICO,PRODUTO: CAPACITAÇÃO DE SERVIDORES PÚBLICOS,MELHORIA DE GESTÃO,ÍNDICE DE SATISFAÇÃO DOS CURSOS E EVENTOS REALIZADOS PELAEGESP (NOTA),SISTEMA DEGERENCIAMENTO DECAPACITAÇÃO DA EGESP,,,8.7
2000 - GESTÃO FISCAL E TRIBUTÁRIA,"53000 - SECRETARIA DE PROJETOS, ORÇAMENTO E  GESTÃO",POPULAÇÃO DO ESTADO DE SÃO PAULO,ESTADO,FINALÍSTICO,PRODUTO: CAPACITAÇÃO DE SERVIDORES PÚBLICOS,MELHORIA DE GESTÃO,NÚMERO DE CAPACITAÇÕES REALIZADAS (UNIDADE),CENTRO DE CAPACITAÇÃODA ESCOLA DE GOVERNO,2018-2018,10089.0,76768.0
2000 - GESTÃO FISCAL E TRIBUTÁRIA,"53000 - SECRETARIA DE PROJETOS, ORÇAMENTO E  GESTÃO",POPULAÇÃO DO ESTADO DE SÃO PAULO,ESTADO,FINALÍSTICO,PRODUTO: PROGRAMA DE EDUCAÇÃO FISCAL PARA A CIDADANIA,MELHORIA DE GESTÃO,NÚMERO DE CIDADÃOS CONSCIENTIZADOS (UNIDADE),CENTRO DE EDUCAÇÃOFISCAL DA ESCOLA DEGOVERNO DA SECRETARIADA FAZENDA EPLANEJAMENTO,2017-2019,72638.0,100000.0
2000 - GESTÃO FISCAL E TRIBUTÁRIA,"53000 - SECRETARIA DE PROJETOS, ORÇAMENTO E  GESTÃO",POPULAÇÃO DO ESTADO DE SÃO PAULO,ESTADO,FINALÍSTICO,PRODUTO: PROGRAMA DE EDUCAÇÃO FISCAL PARA A CIDADANIA,MELHORIA DE GESTÃO,PERCENTUAL DE MUNICÍPIOS PAULISTAS IMPACTADOS POR AÇÕES DEEDUCAÇÃO FISCAL (%),CENTRO DE EDUCAÇÃOFISCAL DA ESCOLA DEGOVERNO DA SECRETARIADA FAZENDA EPLANEJAMENTO,2016-2018,60.0,73.33
2000 - GESTÃO FISCAL E TRIBUTÁRIA,"53000 - SECRETARIA DE PROJETOS, ORÇAMENTO E  GESTÃO",POPULAÇÃO DO ESTADO DE SÃO PAULO,ESTADO,FINALÍSTICO,PRODUTO: FISCO MODERNIZADO,MELHORIA DE GESTÃO,NÚMERO DE SUBPRODUTOS PROFISCO CONCLUÍDOS (UNIDADE),RELATÓRIO SEMESTRAL DEPROGRESSO,,,46.0
2027 - GESTÃO DE SERVIÇOS PRESTADOS À ADMINISTRAÇÃO ESTADUAL,"53000 - SECRETARIA DE PROJETOS, ORÇAMENTO E  GESTÃO",ÓRGÃOS DA ADMINISTRAÇÃO PÚBLICA ESTADUAL E AUTARQUIAS,ESTADO,FINALÍSTICO,PRODUTO: RH-FOLHA – SISTEMA INTEGRADO DE RECURSOS HUMANOS E FOLHA DE PAGAMENTO,FINALÍSTICO,CUMPRIMENTO DO CRONOGRAMA DE ATIVIDADES RELACIONADAS AODESENVOLVIMENTO DO SISTEMA RH-FOLHA (%),CRHE,2018,54.0,100.0
2027 - GESTÃO DE SERVIÇOS PRESTADOS À ADMINISTRAÇÃO ESTADUAL,"53000 - SECRETARIA DE PROJETOS, ORÇAMENTO E  GESTÃO",ÓRGÃOS DA ADMINISTRAÇÃO PÚBLICA ESTADUAL E AUTARQUIAS,ESTADO,FINALÍSTICO,PRODUTO: AVALIAÇÃO DE COMPETÊNCIAS ADICIONAIS,FINALÍSTICO,NÚMERO DE PROCESSOS DE AVALIAÇÃO DE COMPETÊNCIAS TÉCNICASCONCLUÍDOS (UNIDADE),CRHE,2015-2018,2.0,2.0
2027 - GESTÃO DE SERVIÇOS PRESTADOS À ADMINISTRAÇÃO ESTADUAL,"53000 - SECRETARIA DE PROJETOS, ORÇAMENTO E  GESTÃO",ÓRGÃOS DA ADMINISTRAÇÃO PÚBLICA ESTADUAL E AUTARQUIAS,ESTADO,FINALÍSTICO,"PRODUTO: PERÍCIAS, LAUDOS E PARECERES MÉDICOS",FINALÍSTICO,"QUANTIDADE DE PERÍCIAS MÉDICAS, LAUDOS E PARECERES (UNIDADE)",SISTEMA E-SISLA/DPME,2015-2018,1200322.0,1384800.0
2027 - GESTÃO DE SERVIÇOS PRESTADOS À ADMINISTRAÇÃO ESTADUAL,"53000 - SECRETARIA DE PROJETOS, ORÇAMENTO E  GESTÃO",ÓRGÃOS DA ADMINISTRAÇÃO PÚBLICA ESTADUAL E AUTARQUIAS,ESTADO,FINALÍSTICO,"PRODUTO: PERÍCIAS, LAUDOS E PARECERES MÉDICOS",FINALÍSTICO,TEMPO MÉDIO PARA PUBLICAÇÃO DOS RESULTADOS DAS PERÍCIASPARA TRATAMENTO DE SAÚDE E INGRESSO (DIA),DADOS DO SISTEMA E-SISLA/DPME,2018,10.6,12.0
2027 - GESTÃO DE SERVIÇOS PRESTADOS À ADMINISTRAÇÃO ESTADUAL,"53000 - SECRETARIA DE PROJETOS, ORÇAMENTO E  GESTÃO",ÓRGÃOS DA ADMINISTRAÇÃO PÚBLICA ESTADUAL E AUTARQUIAS,ESTADO,FINALÍSTICO,PRODUTO: ITENS NEGOCIADOS NA BEC/SP,MELHORIA DE GESTÃO,MÉDIA MENSAL DE FORNECEDORES CADASTRADOS POR OFERTA DECOMPRA (UNIDADE),REGISTROS INTERNOS DOÓRGÃO POR MEIO DOSISTEMA DE INDICADORESDA BEC/SP,2015-2018,14.56,16.5
2027 - GESTÃO DE SERVIÇOS PRESTADOS À ADMINISTRAÇÃO ESTADUAL,"53000 - SECRETARIA DE PROJETOS, ORÇAMENTO E  GESTÃO",ÓRGÃOS DA ADMINISTRAÇÃO PÚBLICA ESTADUAL E AUTARQUIAS,ESTADO,FINALÍSTICO,PRODUTO: ITENS NEGOCIADOS NA BEC/SP,MELHORIA DE GESTÃO,PERCENTUAL MÉDIO DE ITENS EFETIVAMENTE NEGOCIADOS NA BEC/SPNO MÊS (%),REGISTROS INTERNOS DOÓRGÃO POR MEIO DOSISTEMA DE INDICADORESDA BEC/SP.,2015-2018,73.43,71.0
2027 - GESTÃO DE SERVIÇOS PRESTADOS À ADMINISTRAÇÃO ESTADUAL,"53000 - SECRETARIA DE PROJETOS, ORÇAMENTO E  GESTÃO",ÓRGÃOS DA ADMINISTRAÇÃO PÚBLICA ESTADUAL E AUTARQUIAS,ESTADO,FINALÍSTICO,PRODUTO: APOIO À GESTÃO GOVERNAMENTAL E DE POLÍTICAS PÚBLICAS JUNTO A ÓRGÃOS E ENTIDADES,MELHORIA DE GESTÃO,ÍNDICE DE DESEMPENHO DAS EQUIPES EXTERNAS (IDEE) (%),AVALIAÇÕES PREENCHIDASPELOS GESTORESPARCEIROS,2020-2020,86.01,95.0
2027 - GESTÃO DE SERVIÇOS PRESTADOS À ADMINISTRAÇÃO ESTADUAL,"53000 - SECRETARIA DE PROJETOS, ORÇAMENTO E  GESTÃO",ÓRGÃOS DA ADMINISTRAÇÃO PÚBLICA ESTADUAL E AUTARQUIAS,ESTADO,FINALÍSTICO,PRODUTO: SISTEMA DE GESTÃO DE ESTRUTURAS ORGANIZACIONAIS,MELHORIA DE GESTÃO,PERCENTUAL DE IMPLEMENTAÇÃO DO NOVO PERFIL DA ADMINISTRAÇÃOPÚBLICA (%),COORDENADORIA DEGESTÃO,,,100.0
2029 - FORTALECIMENTO DO SISTEMA ESTADUAL DE PLANEJAMENTO E ORÇAMENTO,"53000 - SECRETARIA DE PROJETOS, ORÇAMENTO E  GESTÃO",ÓRGÃOS E ENTIDADES DA ADMINISTRAÇÃO PÚBLICA ESTADUAL,ESTADO,FINALÍSTICO,"PRODUTO: PLANO PLURIANUAL ELABORADO, MONITORADO E REVISTO",FINALÍSTICO,ÍNDICE DE SATISFAÇÃO DOS GERENTES DO PPA COM AS ATIVIDADES DEAPOIO AO MONITORAMENTO (ESC. 5 PTS),COORDENADORIA DEPLANEJAMENTO EORÇAMENTO,2018-2018,3.75,3.86
2029 - FORTALECIMENTO DO SISTEMA ESTADUAL DE PLANEJAMENTO E ORÇAMENTO,"53000 - SECRETARIA DE PROJETOS, ORÇAMENTO E  GESTÃO",ÓRGÃOS E ENTIDADES DA ADMINISTRAÇÃO PÚBLICA ESTADUAL,ESTADO,FINALÍSTICO,"PRODUTO: PLANO PLURIANUAL ELABORADO, MONITORADO E REVISTO",FINALÍSTICO,TEMPO DEDICADO ÀS AGENDAS CONJUNTAS COM OS ÓRGÃOSSETORIAIS (H),COORDENADORIA DEPLANEJAMENTO EORÇAMENTO,2018-2018,500.0,3000.0
2029 - FORTALECIMENTO DO SISTEMA ESTADUAL DE PLANEJAMENTO E ORÇAMENTO,"53000 - SECRETARIA DE PROJETOS, ORÇAMENTO E  GESTÃO",ÓRGÃOS E ENTIDADES DA ADMINISTRAÇÃO PÚBLICA ESTADUAL,ESTADO,FINALÍSTICO,PRODUTO: ORÇAMENTOS ANUAIS ELABORADOS E ACOMPANHADOS,FINALÍSTICO,NÚMERO DE LEIS ORÇAMENTÁRIAS ELABORADAS E ACOMPANHADAS(UNIDADE),COORDENADORIA DEPLANEJAMENTO EORÇAMENTO,2015-2018,8.0,8.0
2029 - FORTALECIMENTO DO SISTEMA ESTADUAL DE PLANEJAMENTO E ORÇAMENTO,"53000 - SECRETARIA DE PROJETOS, ORÇAMENTO E  GESTÃO",ÓRGÃOS E ENTIDADES DA ADMINISTRAÇÃO PÚBLICA ESTADUAL,ESTADO,FINALÍSTICO,PRODUTO: ORÇAMENTOS ANUAIS ELABORADOS E ACOMPANHADOS,FINALÍSTICO,TEMPO MÉDIO DE ANALISE  DE MOVIMENTAÇÕES ORÇAMENTÁRIAS (DIA),DEPARTAMENTO DECONSOLIDACAO DE NORMASDA COORDENADORIA DEPLANEJAMENTO EORÇAMENTO,2016-2018,7.84,7.45
2029 - FORTALECIMENTO DO SISTEMA ESTADUAL DE PLANEJAMENTO E ORÇAMENTO,"53000 - SECRETARIA DE PROJETOS, ORÇAMENTO E  GESTÃO",ÓRGÃOS E ENTIDADES DA ADMINISTRAÇÃO PÚBLICA ESTADUAL,ESTADO,FINALÍSTICO,PRODUTO: AVALIAÇÕES DE PROGRAMAS GOVERNAMENTAIS,FINALÍSTICO,ÍNDICE DE SATISFAÇÃO DOS SETORIAIS RESPONSÁVEIS PELOPROGRAMA AVALIADO COM O PROCESSO AVALIATIVO (ESC. 5 PTS),COORDENADORIA DEPLANEJAMENTO EORÇAMENTO,,,4.25
2029 - FORTALECIMENTO DO SISTEMA ESTADUAL DE PLANEJAMENTO E ORÇAMENTO,"53000 - SECRETARIA DE PROJETOS, ORÇAMENTO E  GESTÃO",ÓRGÃOS E ENTIDADES DA ADMINISTRAÇÃO PÚBLICA ESTADUAL,ESTADO,FINALÍSTICO,PRODUTO: AVALIAÇÕES DE PROGRAMAS GOVERNAMENTAIS,FINALÍSTICO,NÚMERO DE AVALIAÇÕES DE DESEMPENHO DOS PROGRAMASREALIZADAS (UNIDADE),COORDENADORIA DEPLANEJAMENTO EORÇAMENTO,2016-2018,21.0,32.0
2029 - FORTALECIMENTO DO SISTEMA ESTADUAL DE PLANEJAMENTO E ORÇAMENTO,"53000 - SECRETARIA DE PROJETOS, ORÇAMENTO E  GESTÃO",ÓRGÃOS E ENTIDADES DA ADMINISTRAÇÃO PÚBLICA ESTADUAL,ESTADO,FINALÍSTICO,PRODUTO: AUDIÊNCIAS PÚBLICAS EM PROCESSOS DE PLANEJAMENTO E ORÇAMENTO,FINALÍSTICO,MÉDIA DE PARTICIPAÇÕES DE MEMBROS DA SOCIEDADE CIVIL EMAUDIÊNCIAS PÚBLICAS (%),COORDENADORIA DEPLANEJAMENTO EORÇAMENTO,2019,15.3,40.0
2029 - FORTALECIMENTO DO SISTEMA ESTADUAL DE PLANEJAMENTO E ORÇAMENTO,"53000 - SECRETARIA DE PROJETOS, ORÇAMENTO E  GESTÃO",ÓRGÃOS E ENTIDADES DA ADMINISTRAÇÃO PÚBLICA ESTADUAL,ESTADO,FINALÍSTICO,PRODUTO: AUDIÊNCIAS PÚBLICAS EM PROCESSOS DE PLANEJAMENTO E ORÇAMENTO,FINALÍSTICO,NÚMERO DE AUDIÊNCIAS PÚBLICAS REALIZADAS (UNIDADE),COORDENADORIA DEPLANEJAMENTO EORÇAMENTO,2016-2019,82.0,80.0
2029 - FORTALECIMENTO DO SISTEMA ESTADUAL DE PLANEJAMENTO E ORÇAMENTO,"53000 - SECRETARIA DE PROJETOS, ORÇAMENTO E  GESTÃO",ÓRGÃOS E ENTIDADES DA ADMINISTRAÇÃO PÚBLICA ESTADUAL,ESTADO,FINALÍSTICO,PRODUTO: ESTUDOS SOBRE A SITUAÇÃO DO ESTADO DO SÃO PAULO E DE SUAS POLÍTICAS PÚBLICAS,MELHORIA DE GESTÃO,NÚMERO DE ESTUDOS REALIZADOS (UNIDADE),COORDENADORIA DEPLANEJAMENTO EORÇAMENTO,,,18.0
2029 - FORTALECIMENTO DO SISTEMA ESTADUAL DE PLANEJAMENTO E ORÇAMENTO,"53000 - SECRETARIA DE PROJETOS, ORÇAMENTO E  GESTÃO",ÓRGÃOS E ENTIDADES DA ADMINISTRAÇÃO PÚBLICA ESTADUAL,ESTADO,FINALÍSTICO,PRODUTO: ESTUDOS SOBRE A SITUAÇÃO DO ESTADO DO SÃO PAULO E DE SUAS POLÍTICAS PÚBLICAS,MELHORIA DE GESTÃO,PROPORÇÃO DE OBJETIVOS DE DESENVOLVIMENTO SUSTENTÁVELABRANGIDOS NOS ESTUDOS SOBRE SITUAÇÃO DO ESTADO (%),COORDENADORIA DEPLANEJAMENTO EORÇAMENTO,2018,100.0,100.0
2029 - FORTALECIMENTO DO SISTEMA ESTADUAL DE PLANEJAMENTO E ORÇAMENTO,"53000 - SECRETARIA DE PROJETOS, ORÇAMENTO E  GESTÃO",ÓRGÃOS E ENTIDADES DA ADMINISTRAÇÃO PÚBLICA ESTADUAL,ESTADO,FINALÍSTICO,PRODUTO: APERFEIÇOAMENTO DA REDE ESTADUAL DE PLANEJAMENTO E ORÇAMENTO,MELHORIA DE GESTÃO,ÍNDICE DE PERCEPÇÃO DOS GERENTES DO PPA EM RELAÇÃO ÀAPLICAÇÃO DA METODOLOGIA DO ORÇAMENTO POR RESULTADOS (ESC.5 PTS),COORDENADORIA DEPLANEJAMENTO EORÇAMENTO,2018-2018,3.7,3.79
2029 - FORTALECIMENTO DO SISTEMA ESTADUAL DE PLANEJAMENTO E ORÇAMENTO,"53000 - SECRETARIA DE PROJETOS, ORÇAMENTO E  GESTÃO",ÓRGÃOS E ENTIDADES DA ADMINISTRAÇÃO PÚBLICA ESTADUAL,ESTADO,FINALÍSTICO,PRODUTO: APERFEIÇOAMENTO DA REDE ESTADUAL DE PLANEJAMENTO E ORÇAMENTO,MELHORIA DE GESTÃO,PERCENTUAL DE IMPLEMENTAÇÃO DO PLANO DE TRABALHO DEPROCESSOS DE PLANEJAMENTO (%),COORDENADORIA DEPLANEJAMENTO EORÇAMENTO,,,90.0
2029 - FORTALECIMENTO DO SISTEMA ESTADUAL DE PLANEJAMENTO E ORÇAMENTO,"53000 - SECRETARIA DE PROJETOS, ORÇAMENTO E  GESTÃO",ÓRGÃOS E ENTIDADES DA ADMINISTRAÇÃO PÚBLICA ESTADUAL,ESTADO,FINALÍSTICO,PRODUTO: AÇÕES ESTRATÉGICAS DO GOVERNO ACOMPANHADAS,MELHORIA DE GESTÃO,"PERCENTUAL DE PROJETOS ""EM ANDAMENTO"" E ""ATRASADOS""ATUALIZADOS PERIODICAMENTE NO SISTEMA DE MONITORAMENTO DOPROGRAMA DE GOVERNO. (%)",INTERNA (UNIDADE DEINFORMAÇÕES EXECUTIVAS),2019-2019,80.0,100.0
"5100 - PLANEJAMENTO, COORDENAÇÃO E GESTÃO EFICIENTE DO GOVERNO","53000 - SECRETARIA DE PROJETOS, ORÇAMENTO E  GESTÃO",SERVIDORES DA SECRETARIA DE GOVERNO.,ESTADO,MELHORIA DE GESTÃO DE POLÍTICAS PÚBLICAS,PRODUTO: GESTÃO DO PATRIMÔNIO IMOBILIÁRIO DO GOVERNO DE SÃO PAULO,MELHORIA DE GESTÃO,NÚMERO DE PROCESSOS ANALISADOS (UNIDADE),INTERNA (CPI),2018-2019,900.0,3600.0
5102 - REDE SOCIAL DE CIDADANIA E SUSTENTABILIDADE,51000 - SECRETARIA DE GOVERNO,"INDIVÍDUOS, FAMÍLIAS E COMUNIDADES EM SITUAÇÃO DE VULNERABILIDADE SOCIAL.",ESTADO,FINALÍSTICO,PRODUTO: REALIZAÇÃO DE PROJETOS E AÇÕES SOCIAIS E SUSTENTÁVEIS,FINALÍSTICO,NÚMERO DE PESSOAS BENEFICIADAS PELA REALIZAÇÃO DE PROJETOSE AÇÕES SOCIAIS E SUSTENTÁVEIS DO FUNDO SOCIAL DE SÃO PAULO -FUSSP (UNIDADE),FUNDO SOCIAL DE SÃOPAULO - FUSSP,2020-2020,12536.0,37500.0
5102 - REDE SOCIAL DE CIDADANIA E SUSTENTABILIDADE,51000 - SECRETARIA DE GOVERNO,"INDIVÍDUOS, FAMÍLIAS E COMUNIDADES EM SITUAÇÃO DE VULNERABILIDADE SOCIAL.",ESTADO,FINALÍSTICO,PRODUTO: REALIZAÇÃO DE PROJETOS E AÇÕES SOCIAIS E SUSTENTÁVEIS,FINALÍSTICO,NÚMERO DE PROJETOS SOCIAIS REALIZADOS (UNIDADE),FUNDO SOCIAL DE SÃOPAULO - FUSSP,2018-2018,3.0,4.0
5102 - REDE SOCIAL DE CIDADANIA E SUSTENTABILIDADE,51000 - SECRETARIA DE GOVERNO,"INDIVÍDUOS, FAMÍLIAS E COMUNIDADES EM SITUAÇÃO DE VULNERABILIDADE SOCIAL.",ESTADO,FINALÍSTICO,PRODUTO: DOAÇÕES DE BENS SERVÍVEIS,FINALÍSTICO,NÚMERO DE ENTIDADES ATENDIDAS PELAS DOAÇÕES DE BENSSERVÍVEIS (UNIDADE),FUNDO SOCIAL DE SÃOPAULO - FUSSP,2018-2018,964.0,1750.0
5102 - REDE SOCIAL DE CIDADANIA E SUSTENTABILIDADE,51000 - SECRETARIA DE GOVERNO,"INDIVÍDUOS, FAMÍLIAS E COMUNIDADES EM SITUAÇÃO DE VULNERABILIDADE SOCIAL.",ESTADO,FINALÍSTICO,PRODUTO: DOAÇÕES DE BENS SERVÍVEIS,FINALÍSTICO,NÚMERO DE PESSOAS BENEFICIADAS COM AS DOAÇÕES DE BENSSERVÍVEIS (UNIDADE),FUNDO SOCIAL DE SÃOPAULO - FUSSP,,,400000.0
5102 - REDE SOCIAL DE CIDADANIA E SUSTENTABILIDADE,51000 - SECRETARIA DE GOVERNO,"INDIVÍDUOS, FAMÍLIAS E COMUNIDADES EM SITUAÇÃO DE VULNERABILIDADE SOCIAL.",ESTADO,FINALÍSTICO,"PRODUTO: ""ESCOLAS DE QUALIFICAÇÃO PROFISSIONAL"" DO FUNDO SOCIAL DE SÃO PAULO - FUSSP",FINALÍSTICO,NÚMERO DE VAGAS DE QUALIFICAÇÃO PROFISSIONAL OFERTADAS(UNIDADE),FUNDO SOCIAL DE SÃOPAULO - FUSSP,,,107000.0
5102 - REDE SOCIAL DE CIDADANIA E SUSTENTABILIDADE,51000 - SECRETARIA DE GOVERNO,"INDIVÍDUOS, FAMÍLIAS E COMUNIDADES EM SITUAÇÃO DE VULNERABILIDADE SOCIAL.",ESTADO,FINALÍSTICO,"PRODUTO: ""ESCOLAS DE QUALIFICAÇÃO PROFISSIONAL"" DO FUNDO SOCIAL DE SÃO PAULO - FUSSP",FINALÍSTICO,PERCENTUAL DE PESSOAS QUE CONCLUEM OS CURSOS DAS ESCOLASDE QUALIFICAÇÃO (%),FUNDO SOCIAL DE SÃOPAULO - FUSSP,,,80.0
5102 - REDE SOCIAL DE CIDADANIA E SUSTENTABILIDADE,51000 - SECRETARIA DE GOVERNO,"INDIVÍDUOS, FAMÍLIAS E COMUNIDADES EM SITUAÇÃO DE VULNERABILIDADE SOCIAL.",ESTADO,FINALÍSTICO,PRODUTO: PRAÇA DA CIDADANIA,FINALÍSTICO,NÚMERO DE PESSOAS BENEFICIADAS PELAS PRAÇAS DA CIDADANIAINSTALADAS (UNIDADE),FUNDO SOCIAL DE SÃOPAULO - FUSSP,,,720000.0
5102 - REDE SOCIAL DE CIDADANIA E SUSTENTABILIDADE,51000 - SECRETARIA DE GOVERNO,"INDIVÍDUOS, FAMÍLIAS E COMUNIDADES EM SITUAÇÃO DE VULNERABILIDADE SOCIAL.",ESTADO,FINALÍSTICO,PRODUTO: PRAÇA DA CIDADANIA,FINALÍSTICO,NÚMERO TOTAL DE PRAÇAS DA CIDADANIA IMPLANTADAS (UNIDADE),FUNDO SOCIAL DE SÃOPAULO - FUSSP,,,12.0
5104 - ARQUIVO DO ESTADO - PRESERVAÇÃO E GESTÃO DOCUMENTAL,"53000 - SECRETARIA DE PROJETOS, ORÇAMENTO E  GESTÃO","CIDADÃOS, ADMINISTRAÇÃO PÚBLICA ESTADUAL E MUNICIPAL, SERVIDORES, GESTORESPÚBLICOS, PÚBLICO ESCOLAR, UNIVERSIDADES  E SOCIEDADE.",ESTADO,FINALÍSTICO,"PRODUTO: COORDENAÇÃO DA POLÍTICA DE GESTÃO DOCUMENTAL, PRESERVAÇÃO E ACESSO À INFORMAÇÃO",FINALÍSTICO,NÚMERO DE ATENDIMENTOS AOS ÓRGÃOS DO SISTEMA DE ARQUIVOSDO ESTADO DE SÃO PAULO E ÀS ADMINISTRAÇÕES MUNICIPAIS (UNIDADE),DEPARTAMENTO DE GESTÃODO SISTEMA DE ARQUIVOSDO ESTADO DE SÃO PAULO,2016-2018,11102.0,17400.0
5104 - ARQUIVO DO ESTADO - PRESERVAÇÃO E GESTÃO DOCUMENTAL,"53000 - SECRETARIA DE PROJETOS, ORÇAMENTO E  GESTÃO","CIDADÃOS, ADMINISTRAÇÃO PÚBLICA ESTADUAL E MUNICIPAL, SERVIDORES, GESTORESPÚBLICOS, PÚBLICO ESCOLAR, UNIVERSIDADES  E SOCIEDADE.",ESTADO,FINALÍSTICO,"PRODUTO: COORDENAÇÃO DA POLÍTICA DE GESTÃO DOCUMENTAL, PRESERVAÇÃO E ACESSO À INFORMAÇÃO",FINALÍSTICO,PERCENTUAL DE ÓRGÃOS E ENTIDADES COM PLANO DE CLASSIFICAÇÃOE TABELA DE TEMPORALIDADE DE DOCUMENTOS DAS ATIVIDADES-FIM(%),CENTRO DE GESTÃODOCUMENTAL/DGSAESP,2018,33.0,85.0
5104 - ARQUIVO DO ESTADO - PRESERVAÇÃO E GESTÃO DOCUMENTAL,"53000 - SECRETARIA DE PROJETOS, ORÇAMENTO E  GESTÃO","CIDADÃOS, ADMINISTRAÇÃO PÚBLICA ESTADUAL E MUNICIPAL, SERVIDORES, GESTORESPÚBLICOS, PÚBLICO ESCOLAR, UNIVERSIDADES  E SOCIEDADE.",ESTADO,FINALÍSTICO,"PRODUTO: ACERVO CUSTODIADO, TRATADO, PRESERVADO E DISPONIBILIZADO",FINALÍSTICO,NÚMERO DE OPERAÇÕES TÉCNICAS REALIZADAS NOS DOCUMENTOS DOACERVO CUSTODIADO (UNIDADE),"CENTROS DO APESP/DPDA ECENTRO DE ARQUIVOADMINISTRATIVO, DO APESP/DGSAESP",2016-2018,21574704.0,23791788.0
5104 - ARQUIVO DO ESTADO - PRESERVAÇÃO E GESTÃO DOCUMENTAL,"53000 - SECRETARIA DE PROJETOS, ORÇAMENTO E  GESTÃO","CIDADÃOS, ADMINISTRAÇÃO PÚBLICA ESTADUAL E MUNICIPAL, SERVIDORES, GESTORESPÚBLICOS, PÚBLICO ESCOLAR, UNIVERSIDADES  E SOCIEDADE.",ESTADO,FINALÍSTICO,"PRODUTO: ACERVO CUSTODIADO, TRATADO, PRESERVADO E DISPONIBILIZADO",FINALÍSTICO,PORCENTAGEM DO ACERVO PERMANENTE DESCRITO (%),"CENTROS E NÚCLEOSDETENTORES DE ACERVO DODPDA (CAIC, CAP, NBH)",2019,36.74,100.0
5104 - ARQUIVO DO ESTADO - PRESERVAÇÃO E GESTÃO DOCUMENTAL,"53000 - SECRETARIA DE PROJETOS, ORÇAMENTO E  GESTÃO","CIDADÃOS, ADMINISTRAÇÃO PÚBLICA ESTADUAL E MUNICIPAL, SERVIDORES, GESTORESPÚBLICOS, PÚBLICO ESCOLAR, UNIVERSIDADES  E SOCIEDADE.",ESTADO,FINALÍSTICO,PRODUTO: TECNOLOGIAS DA INFORMAÇÃO APLICADAS À GESTÃO DOCUMENTAL,FINALÍSTICO,NÚMERO DE REQUISITOS DESENVOLVIDOS PARA  SISTEMA DEPRODUÇÃO E GESTÃO DE DOCUMENTOS DIGITAIS - PROGRAMA SP SEMPAPEL (UNIDADE),DEPARTAMENTO DE GESTÃODO SAESP,,,195.0
5104 - ARQUIVO DO ESTADO - PRESERVAÇÃO E GESTÃO DOCUMENTAL,"53000 - SECRETARIA DE PROJETOS, ORÇAMENTO E  GESTÃO","CIDADÃOS, ADMINISTRAÇÃO PÚBLICA ESTADUAL E MUNICIPAL, SERVIDORES, GESTORESPÚBLICOS, PÚBLICO ESCOLAR, UNIVERSIDADES  E SOCIEDADE.",ESTADO,FINALÍSTICO,"PRODUTO: DIFUSÃO DO ACERVO, DA INSTITUIÇÃO E DOS CONHECIMENTOS ACUMULADOS PELO APESP",FINALÍSTICO,PORCENTAGEM DE INTERCÂMBIO TÉCNICO COM PREFEITURAS ECÂMARAS MUNICIPAIS (%),BASE DE DADOS DEATENDIMENTOS DO CENTRODE ASSISTÊNCIA AOSMUNICÍPIOS DO DGSAESP.,2019,65.0,82.5
5104 - ARQUIVO DO ESTADO - PRESERVAÇÃO E GESTÃO DOCUMENTAL,"53000 - SECRETARIA DE PROJETOS, ORÇAMENTO E  GESTÃO","CIDADÃOS, ADMINISTRAÇÃO PÚBLICA ESTADUAL E MUNICIPAL, SERVIDORES, GESTORESPÚBLICOS, PÚBLICO ESCOLAR, UNIVERSIDADES  E SOCIEDADE.",ESTADO,FINALÍSTICO,"PRODUTO: DIFUSÃO DO ACERVO, DA INSTITUIÇÃO E DOS CONHECIMENTOS ACUMULADOS PELO APESP",FINALÍSTICO,PÚBLICO ATINGIDO PELO ARQUIVO PÚBLICO DO ESTADO - APESP(UNIDADE),"CENTROS DO DPDA EDGSAESP, CPID E NÚCLEODE COMUNICAÇÃO",,,1270000.0
5113 - DESENVOLVIMENTO E EXCELÊNCIA DA PRESTAÇÃO DOS SERVIÇOS DETRANSPORTE DELEGADOS,51000 - SECRETARIA DE GOVERNO,USUÁRIOS DOS SERVIÇOS DE TRANSPORTES E ENTIDADES DELEGADAS DA INICIATIVA PRIVADA.,ESTADO,FINALÍSTICO,PRODUTO: SERVIÇO DE TRANSPORTE COLETIVO DE PASSAGEIROS REGULADOS E FISCALIZADOS,FINALÍSTICO,NÚMERO DE VEÍCULOS FISCALIZADOS NOS TERMINAIS RODOVIÁRIOS ENAS RODOVIAS. (UNIDADE),ARTESP,2018,179367.0,197900.0
5113 - DESENVOLVIMENTO E EXCELÊNCIA DA PRESTAÇÃO DOS SERVIÇOS DETRANSPORTE DELEGADOS,51000 - SECRETARIA DE GOVERNO,USUÁRIOS DOS SERVIÇOS DE TRANSPORTES E ENTIDADES DELEGADAS DA INICIATIVA PRIVADA.,ESTADO,FINALÍSTICO,PRODUTO: SERVIÇO DE TRANSPORTE COLETIVO DE PASSAGEIROS REGULADOS E FISCALIZADOS,FINALÍSTICO,PERCENTUAL DE MUNICÍPIOS PAULISTAS ATENDIDOS PELO SERVIÇO DETRANSPORTE REGULAR NO REGIME DE CONCESSÃO (%),ARTESP,2019,75.0,100.0
5113 - DESENVOLVIMENTO E EXCELÊNCIA DA PRESTAÇÃO DOS SERVIÇOS DETRANSPORTE DELEGADOS,51000 - SECRETARIA DE GOVERNO,USUÁRIOS DOS SERVIÇOS DE TRANSPORTES E ENTIDADES DELEGADAS DA INICIATIVA PRIVADA.,ESTADO,FINALÍSTICO,PRODUTO: CONCESSÕES RODOVIÁRIAS REGULADAS E FISCALIZADAS,FINALÍSTICO,NÚMERO DE CONTRATOS DE CONCESSÃO DE RODOVIAS GERIDOS(UNIDADE),ARTESP,2018,21.0,23.0
5113 - DESENVOLVIMENTO E EXCELÊNCIA DA PRESTAÇÃO DOS SERVIÇOS DETRANSPORTE DELEGADOS,51000 - SECRETARIA DE GOVERNO,USUÁRIOS DOS SERVIÇOS DE TRANSPORTES E ENTIDADES DELEGADAS DA INICIATIVA PRIVADA.,ESTADO,FINALÍSTICO,PRODUTO: CONCESSÕES RODOVIÁRIAS REGULADAS E FISCALIZADAS,FINALÍSTICO,PERCENTUAL DA EXTENSÃO DE RODOVIAS SOB GESTÃO DO ESTADO DESÃO PAULO CONCEDIDAS À INICIATIVA PRIVADA (%),ARTESP,2019,38.0,44.66
5113 - DESENVOLVIMENTO E EXCELÊNCIA DA PRESTAÇÃO DOS SERVIÇOS DETRANSPORTE DELEGADOS,51000 - SECRETARIA DE GOVERNO,USUÁRIOS DOS SERVIÇOS DE TRANSPORTES E ENTIDADES DELEGADAS DA INICIATIVA PRIVADA.,ESTADO,FINALÍSTICO,PRODUTO: SERVIÇO DE ATENDIMENTO AO USUÁRIO - OUVIDORIA,FINALÍSTICO,PERCENTUAL DE RESPOSTAS NO PRAZO ÀS MANIFESTAÇÕESRECEBIDAS PELA OUVIDORIA RELATIVAS AO TRANSPORTEINTERMUNICIPAL DE PASSAGEIROS (%),ARTESP,2019,70.0,70.0
5113 - DESENVOLVIMENTO E EXCELÊNCIA DA PRESTAÇÃO DOS SERVIÇOS DETRANSPORTE DELEGADOS,51000 - SECRETARIA DE GOVERNO,USUÁRIOS DOS SERVIÇOS DE TRANSPORTES E ENTIDADES DELEGADAS DA INICIATIVA PRIVADA.,ESTADO,FINALÍSTICO,PRODUTO: SERVIÇO DE ATENDIMENTO AO USUÁRIO - OUVIDORIA,FINALÍSTICO,PERCENTUAL DE RESPOSTAS NO PRAZO ÀS MANIFESTAÇÕESRECEBIDAS PELA OUVIDORIA RELATIVAS ÀS CONCESSÕESRODOVIÁRIAS (%),OUVIDORIA /ARTESP,2018,82.28,80.0
5113 - DESENVOLVIMENTO E EXCELÊNCIA DA PRESTAÇÃO DOS SERVIÇOS DETRANSPORTE DELEGADOS,51000 - SECRETARIA DE GOVERNO,USUÁRIOS DOS SERVIÇOS DE TRANSPORTES E ENTIDADES DELEGADAS DA INICIATIVA PRIVADA.,ESTADO,FINALÍSTICO,PRODUTO: CONCESSÕES DE AEROPORTOS REGULADAS E FISCALIZADAS,FINALÍSTICO,NÚMERO DE CONTRATOS DE CONCESSÕES DE AEROPORTOS GERIDOS(UNIDADE),ARTESP,2018,1.0,1.0
5113 - DESENVOLVIMENTO E EXCELÊNCIA DA PRESTAÇÃO DOS SERVIÇOS DETRANSPORTE DELEGADOS,51000 - SECRETARIA DE GOVERNO,USUÁRIOS DOS SERVIÇOS DE TRANSPORTES E ENTIDADES DELEGADAS DA INICIATIVA PRIVADA.,ESTADO,FINALÍSTICO,PRODUTO: CONCESSÕES DE AEROPORTOS REGULADAS E FISCALIZADAS,FINALÍSTICO,PORCENTUAL DOS AEROPORTOS DE SÃO PAULO SOB GESTÃO DODAESP CONCEDIDOS (%),ARTESP,2019,20.0,20.0
5113 - DESENVOLVIMENTO E EXCELÊNCIA DA PRESTAÇÃO DOS SERVIÇOS DETRANSPORTE DELEGADOS,51000 - SECRETARIA DE GOVERNO,USUÁRIOS DOS SERVIÇOS DE TRANSPORTES E ENTIDADES DELEGADAS DA INICIATIVA PRIVADA.,ESTADO,FINALÍSTICO,PRODUTO: CONCESSÕES DE NOVOS MODAIS DE TRANSPORTE,FINALÍSTICO,NÚMERO DE CONTRATOS DE CONCESSÕES (UNIDADE),ARTESP,,,1.0
5113 - DESENVOLVIMENTO E EXCELÊNCIA DA PRESTAÇÃO DOS SERVIÇOS DETRANSPORTE DELEGADOS,51000 - SECRETARIA DE GOVERNO,USUÁRIOS DOS SERVIÇOS DE TRANSPORTES E ENTIDADES DELEGADAS DA INICIATIVA PRIVADA.,ESTADO,FINALÍSTICO,PRODUTO: CONCESSÕES DE NOVOS MODAIS DE TRANSPORTE,FINALÍSTICO,PORCENTUAL DE NOVOS MODAIS DE TRANSPORTE CONCEDIDOS (%),ARTESP,,,12.0
5113 - DESENVOLVIMENTO E EXCELÊNCIA DA PRESTAÇÃO DOS SERVIÇOS DETRANSPORTE DELEGADOS,51000 - SECRETARIA DE GOVERNO,USUÁRIOS DOS SERVIÇOS DE TRANSPORTES E ENTIDADES DELEGADAS DA INICIATIVA PRIVADA.,ESTADO,FINALÍSTICO,PRODUTO: CONCESSÃO DO TRECHO DE ESTRADA MIRACATU-BERTIOGA,FINALÍSTICO,NÚMERO DE CONTRATOS DE CONCESSÃO ASSINADOS (UNIDADE),ARTESP - AGÊNCIA DETRANSPORTE DO ESTADO DESÃO PAULO,,,1.0
5113 - DESENVOLVIMENTO E EXCELÊNCIA DA PRESTAÇÃO DOS SERVIÇOS DETRANSPORTE DELEGADOS,51000 - SECRETARIA DE GOVERNO,USUÁRIOS DOS SERVIÇOS DE TRANSPORTES E ENTIDADES DELEGADAS DA INICIATIVA PRIVADA.,ESTADO,FINALÍSTICO,PRODUTO: CONCESSÃO E FISCALIZACAO DO TRECHO DA ESTRADA PIRACICABA - PANORAMA,FINALÍSTICO,NÚMERO  DE CONTRATOS DE CONCESSÃO GERIDOS (UNIDADE),ARTESP - AGÊNCIA DETRANSPORTE DO ESTADO DESÃO PAULO,,,1.0
5115 - DESENVOLVIMENTO DE PARCERIA COM A INICIATIVA PRIVADA,"53000 - SECRETARIA DE PROJETOS, ORÇAMENTO E  GESTÃO","ADMINISTRAÇÃO PÚBLICA DIRETA E INDIRETA, SETOR PRIVADO E TERCEIRO SETOR.",ESTADO,FINALÍSTICO,"PRODUTO: ESTUDOS TÉCNICOS DE MODELAGEM DE PPP, DE CONCESSÃO E DE PARCERIAS",FINALÍSTICO,NÚMERO DE DOCUMENTOS TÉCNICOS QUE COMPÕEM AS MODELAGENSDOS PROJETOS DE PPP E DE CONCESSÕES (UNIDADE),RELATÓRIOS DEACOMPANHAMENTO DASUBSECRETARIA DEPARCERIAS,2019-2019,5.0,28.0
5115 - DESENVOLVIMENTO DE PARCERIA COM A INICIATIVA PRIVADA,"53000 - SECRETARIA DE PROJETOS, ORÇAMENTO E  GESTÃO","ADMINISTRAÇÃO PÚBLICA DIRETA E INDIRETA, SETOR PRIVADO E TERCEIRO SETOR.",ESTADO,FINALÍSTICO,"PRODUTO: ESTUDOS TÉCNICOS DE MODELAGEM DE PPP, DE CONCESSÃO E DE PARCERIAS",FINALÍSTICO,PERCENTUAL DE CONSOLIDAÇÃO DAS MODELAGENS DOS PROJETOSPRIORITÁRIOS DE CONCESSÃO E DE PARCERIA PÚBLICO PRIVADA - PPP(%),SUBSECRETARIA DEPARCERIAS,,,75.75
5115 - DESENVOLVIMENTO DE PARCERIA COM A INICIATIVA PRIVADA,"53000 - SECRETARIA DE PROJETOS, ORÇAMENTO E  GESTÃO","ADMINISTRAÇÃO PÚBLICA DIRETA E INDIRETA, SETOR PRIVADO E TERCEIRO SETOR.",ESTADO,FINALÍSTICO,PRODUTO: PORTAL DE PARCERIAS COM O 3O SETOR DISPONIBILIZADO,FINALÍSTICO,NOTA DE AVALIAÇÃO DA SATISFAÇÃO DO USUÁRIO (NOTA),SUBSECRETARIA DEPARCERIAS E CIA. DEPROCESSAMENTO DE DADOSDO EST. SP - PRODESP.,,,3.5
5115 - DESENVOLVIMENTO DE PARCERIA COM A INICIATIVA PRIVADA,"53000 - SECRETARIA DE PROJETOS, ORÇAMENTO E  GESTÃO","ADMINISTRAÇÃO PÚBLICA DIRETA E INDIRETA, SETOR PRIVADO E TERCEIRO SETOR.",ESTADO,FINALÍSTICO,PRODUTO: PORTAL DE PARCERIAS COM O 3O SETOR DISPONIBILIZADO,FINALÍSTICO,NÚMERO DE ACESSOS AO PORTAL DE PARCERIAS COM O 3O SETOR(UNIDADE),SUBSECRETARIA DEPARCERIAS E CIA. DEPROCESSAMENTO DADOS DOESTADO SP - PRODESP,,,67500.0
5115 - DESENVOLVIMENTO DE PARCERIA COM A INICIATIVA PRIVADA,"53000 - SECRETARIA DE PROJETOS, ORÇAMENTO E  GESTÃO","ADMINISTRAÇÃO PÚBLICA DIRETA E INDIRETA, SETOR PRIVADO E TERCEIRO SETOR.",ESTADO,FINALÍSTICO,"PRODUTO: APERFEIÇOMENTO DA CONTRATUALIZAÇÃO, REGULAÇÃO E FISCALIZAÇÃO COM 3O SETOR",FINALÍSTICO,NÚMERO DE ESTUDOS E DOCUMENTOS DE REFERÊNCIA DO PROJETOPILOTO DE CONTRATUALIZAÇÃO POR RESULTADO COM O 3O SETOR(UNIDADE),SUBSECRETARIA DEPARCERIAS,,,15.0
5115 - DESENVOLVIMENTO DE PARCERIA COM A INICIATIVA PRIVADA,"53000 - SECRETARIA DE PROJETOS, ORÇAMENTO E  GESTÃO","ADMINISTRAÇÃO PÚBLICA DIRETA E INDIRETA, SETOR PRIVADO E TERCEIRO SETOR.",ESTADO,FINALÍSTICO,"PRODUTO: APERFEIÇOMENTO DA CONTRATUALIZAÇÃO, REGULAÇÃO E FISCALIZAÇÃO COM 3O SETOR",FINALÍSTICO,TAXA MÉDIA ANUAL DE CONSOLIDAÇÃO DO PROJETO DECONTRATUALIZAÇÃO POR RESULTADO COM 3O SETOR. (%),SUBSECRETARIA DEPARCERIAS,,,100.0
5115 - DESENVOLVIMENTO DE PARCERIA COM A INICIATIVA PRIVADA,"53000 - SECRETARIA DE PROJETOS, ORÇAMENTO E  GESTÃO","ADMINISTRAÇÃO PÚBLICA DIRETA E INDIRETA, SETOR PRIVADO E TERCEIRO SETOR.",ESTADO,FINALÍSTICO,PRODUTO: ESTUDOS DE PROJETOS DE DESESTATIZAÇÃO,MELHORIA DE GESTÃO,QUANTIDADE DE ESTUDOS CONCLUÍDOS (UNIDADE),SECRETÁRIO TÉCNICO EEXECUTIVO DO PROGRAMAESTADUAL DEDESESTATIZAÇÃO,,,4.0
5119 - TECNOLOGIA E INOVAÇÃO NA GESTÃO GOVERNAMENTAL,51000 - SECRETARIA DE GOVERNO,CIDADÃOS E ÓRGÃOS PÚBLICOS,ESTADO,FINALÍSTICO,PRODUTO: INFRAESTRUTURA TECNOLÓGICA VOLTADA AOS PROJETOS E INICIATIVAS DE TIC DO ESTADO,FINALÍSTICO,PERCENTUAL DE EXECUÇÃO DO PLANO DE INVESTIMENTOS (%),PRODESP - DIRETORIAADMINISTRATIVA EFINANCEIRA,,,100.0
5119 - TECNOLOGIA E INOVAÇÃO NA GESTÃO GOVERNAMENTAL,51000 - SECRETARIA DE GOVERNO,CIDADÃOS E ÓRGÃOS PÚBLICOS,ESTADO,FINALÍSTICO,PRODUTO: POUPATEMPO - SERVIÇOS PÚBLICOS DIGITAIS E PRESENCIAIS MAIS PRÓXIMOS AO CIDADÃO,FINALÍSTICO,PERCENTUAL DE ATENDIMENTOS ELETRÔNICOS SOBRE O TOTAL DOSRESPECTIVOS ATENDIMENTOS (%),REGISTROSADMINISTRATIVOS DOPOUPATEMPO,2020,38.19,70.0
5119 - TECNOLOGIA E INOVAÇÃO NA GESTÃO GOVERNAMENTAL,51000 - SECRETARIA DE GOVERNO,CIDADÃOS E ÓRGÃOS PÚBLICOS,ESTADO,FINALÍSTICO,PRODUTO: POUPATEMPO - SERVIÇOS PÚBLICOS DIGITAIS E PRESENCIAIS MAIS PRÓXIMOS AO CIDADÃO,FINALÍSTICO,QUANTIDADE DE SERVIÇOS DIGITAIS DISPONIBILIZADOS (UNIDADE),COORDENADORIA DESERVIÇOS AO CIDADÃO,,,500.0
5119 - TECNOLOGIA E INOVAÇÃO NA GESTÃO GOVERNAMENTAL,51000 - SECRETARIA DE GOVERNO,CIDADÃOS E ÓRGÃOS PÚBLICOS,ESTADO,FINALÍSTICO,PRODUTO: ACESSA SP - INCLUSÃO DIGITAL DE CIDADÃOS DE BAIXA RENDA,FINALÍSTICO,NÚMERO DE USUÁRIOS DO ACESSA SP (UNIDADE),REGISTROSADMINISTRATIVOS DOPROGRAMA ACESSA SP NACOORDENADORIA DESERVIÇOS AO CIDADÃO.,2019,3501292.0,3920000.0
5119 - TECNOLOGIA E INOVAÇÃO NA GESTÃO GOVERNAMENTAL,51000 - SECRETARIA DE GOVERNO,CIDADÃOS E ÓRGÃOS PÚBLICOS,ESTADO,FINALÍSTICO,PRODUTO: ACESSA SP - INCLUSÃO DIGITAL DE CIDADÃOS DE BAIXA RENDA,FINALÍSTICO,PESSOAS BENEFICIADAS COM ACESSO À INTERNET (UNIDADE),SISTEMA INFORMATIZADO DEGESTÃO DO ACESSA SÃOPAULO,2018,254000.0,309627.0
5119 - TECNOLOGIA E INOVAÇÃO NA GESTÃO GOVERNAMENTAL,51000 - SECRETARIA DE GOVERNO,CIDADÃOS E ÓRGÃOS PÚBLICOS,ESTADO,FINALÍSTICO,PRODUTO: SOLUÇÕES TECN. PARA DIGITALIZAÇÃO CERTIFICADA E REMODELAGEM DO DIÁRIO OFICIAL,FINALÍSTICO,MÉDIA DE PESQUISAS DIÁRIAS NO SITE DO DIÁRIO OFICIAL (UNIDADE),IMPRENSA OFICIAL,2018-2018,705570.0,727625.0
5119 - TECNOLOGIA E INOVAÇÃO NA GESTÃO GOVERNAMENTAL,51000 - SECRETARIA DE GOVERNO,CIDADÃOS E ÓRGÃOS PÚBLICOS,ESTADO,FINALÍSTICO,PRODUTO: SOLUÇÕES TECN. PARA DIGITALIZAÇÃO CERTIFICADA E REMODELAGEM DO DIÁRIO OFICIAL,FINALÍSTICO,QUANTIDADE DE PÁGINAS DIGITALIZADAS (UNIDADE),IMPRENSA OFICIAL,,,275232000.0
5119 - TECNOLOGIA E INOVAÇÃO NA GESTÃO GOVERNAMENTAL,51000 - SECRETARIA DE GOVERNO,CIDADÃOS E ÓRGÃOS PÚBLICOS,ESTADO,FINALÍSTICO,PRODUTO: SERVIÇOS EDITORIAIS E GRÁFICOS PARA DISSEMINAÇÃO DE CONHECIMENTO E CULTURA,FINALÍSTICO,QUANTIDADE DE OBRAS EDITADAS / COEDITADAS (UNIDADE),IMPRENSA OFICIAL,2020-2020,15.0,72.0
5119 - TECNOLOGIA E INOVAÇÃO NA GESTÃO GOVERNAMENTAL,51000 - SECRETARIA DE GOVERNO,CIDADÃOS E ÓRGÃOS PÚBLICOS,ESTADO,FINALÍSTICO,PRODUTO: AÇÕES PRIORITÁRIAS PARA O ATENDIMENTO DA DEMANDA DE TIC,FINALÍSTICO,APURAÇÃO DO PERCENTUAL DE CUMPRIMENTO DAS METASCORPORATIVAS (%),SISTEMAS INTERNOSPRODESP,,,80.0
5119 - TECNOLOGIA E INOVAÇÃO NA GESTÃO GOVERNAMENTAL,51000 - SECRETARIA DE GOVERNO,CIDADÃOS E ÓRGÃOS PÚBLICOS,ESTADO,FINALÍSTICO,PRODUTO: SEM PAPEL,FINALÍSTICO,QUANTIDADE DE DOCUMENTOS E ANEXOS REGISTRADAS NO SISTEMASP SEM PAPEL (UNIDADE),PRODESP : EQUIPE DOPROJETO SO SISTEMA SPSEM PAPEL,,,200000000.0
5119 - TECNOLOGIA E INOVAÇÃO NA GESTÃO GOVERNAMENTAL,51000 - SECRETARIA DE GOVERNO,CIDADÃOS E ÓRGÃOS PÚBLICOS,ESTADO,FINALÍSTICO,PRODUTO: SEM PAPEL,FINALÍSTICO,QUANTIDADE DE USUÁRIOS UTILIZANDO O SISTEMA SP SEM PAPEL(UNIDADE),PRODESP : EQUIPE DOPROJETO SO SISTEMA SPSEM PAPEL,2021,243508.0,400000.0
5119 - TECNOLOGIA E INOVAÇÃO NA GESTÃO GOVERNAMENTAL,51000 - SECRETARIA DE GOVERNO,CIDADÃOS E ÓRGÃOS PÚBLICOS,ESTADO,FINALÍSTICO,PRODUTO: TECNOLOGIAS E SISTEMAS INOVADORES PARA GOVERNO E CIDADÃO,MELHORIA DE GESTÃO,NÚMERO DE NORMAS ESTRATÉGICAS DE TIC ESTABELECIDAS (UNIDADE),COORDENADORIA DETECNOLOGIA DACOMUNICAÇÃO EINFORMAÇÃO,2020-2020,5.0,71.0
5119 - TECNOLOGIA E INOVAÇÃO NA GESTÃO GOVERNAMENTAL,51000 - SECRETARIA DE GOVERNO,CIDADÃOS E ÓRGÃOS PÚBLICOS,ESTADO,FINALÍSTICO,PRODUTO: TECNOLOGIAS E SISTEMAS INOVADORES PARA GOVERNO E CIDADÃO,MELHORIA DE GESTÃO,SOLUÇÕES TECNOLÓGICAS DISPONIBILIZADAS (UNIDADE),SECRETARIA DE GOVERNO,2020-2020,1.0,41.0
"5120 - INFORMAÇÕES DEMOGRÁFICAS, SOCIOECONÔMICAS E DA AÇÃOGOVERNAMENTAL",51000 - SECRETARIA DE GOVERNO,"GOVERNO, SOCIEDADE E USUÁRIOS INSTITUCIONAIS",ESTADO,FINALÍSTICO,PRODUTO: SISTEMAS DE INDICADORES GERADOS PELA FUNDAÇÃO SEADE,FINALÍSTICO,NÚMERO DE SISTEMAS GERADOS PELA FUNDAÇÃO SEADE (UNIDADE),FUNDAÇÃO SEADE,2018-2018,50.0,206.0
"5120 - INFORMAÇÕES DEMOGRÁFICAS, SOCIOECONÔMICAS E DA AÇÃOGOVERNAMENTAL",51000 - SECRETARIA DE GOVERNO,"GOVERNO, SOCIEDADE E USUÁRIOS INSTITUCIONAIS",ESTADO,FINALÍSTICO,PRODUTO: ESTUDOS E ANÁLISES SOBRE POLÍTICAS PÚBLICAS ELABORADOS,FINALÍSTICO,NÚMERO DE ESTUDOS E ANÁLISES SOBRE POLÍTICAS PÚBLICASELABORADOS (UNIDADE),FUNDAÇÃO SEADE,2018-2018,55.0,212.0
"5120 - INFORMAÇÕES DEMOGRÁFICAS, SOCIOECONÔMICAS E DA AÇÃOGOVERNAMENTAL",51000 - SECRETARIA DE GOVERNO,"GOVERNO, SOCIEDADE E USUÁRIOS INSTITUCIONAIS",ESTADO,FINALÍSTICO,"PRODUTO: APOIO À FORMULAÇÃO, EXECUÇÃO E AVALIAÇÃO DE PROGRAMAS E SERVIÇOS PÚBLICOS",FINALÍSTICO,NÚMERO DE PROGRAMAS E SERVIÇOS PÚBLICOS APOIADOS (UNIDADE),FUNDAÇÃO SEADE,,,48.0
5121 - ASSISTÊNCIA MÉDICA AO SERVIDOR PÚBLICO ESTADUAL,"53000 - SECRETARIA DE PROJETOS, ORÇAMENTO E  GESTÃO","SERVIDORES PÚBLICOS DO ESTADO DE SP, BENEFICIÁRIOS E AGREGADOS",ESTADO,FINALÍSTICO,PRODUTO: ASSISTÊNCIA À SAÚDE OFERECIDA AOS BENEFICIÁRIOS DO IAMSPE NO HSPE,FINALÍSTICO,PERCENTUAL DE RECLAMAÇÕES DO HSPE (%),OUVIDORIA,2018-2018,76.2,74.0
5121 - ASSISTÊNCIA MÉDICA AO SERVIDOR PÚBLICO ESTADUAL,"53000 - SECRETARIA DE PROJETOS, ORÇAMENTO E  GESTÃO","SERVIDORES PÚBLICOS DO ESTADO DE SP, BENEFICIÁRIOS E AGREGADOS",ESTADO,FINALÍSTICO,PRODUTO: ASSISTÊNCIA À SAÚDE OFERECIDA AOS BENEFICIÁRIOS DO IAMSPE NO HSPE,FINALÍSTICO,QUANTIDADE DE ATENDIMENTOS REALIZADOS NO HSPE (UNIDADE),SISTEMA DE GESTÃOHOSPITALAR - MV,2016-2018,20168353.0,21900000.0
5121 - ASSISTÊNCIA MÉDICA AO SERVIDOR PÚBLICO ESTADUAL,"53000 - SECRETARIA DE PROJETOS, ORÇAMENTO E  GESTÃO","SERVIDORES PÚBLICOS DO ESTADO DE SP, BENEFICIÁRIOS E AGREGADOS",ESTADO,FINALÍSTICO,PRODUTO: ASSISTÊNCIA À SAÚDE OFERECIDA AOS BENEFICIÁRIOS DO IAMSPE NA REDE CONTRATADA,FINALÍSTICO,PERCENTUAL DE RECLAMAÇÕES DO DEPARTAMENTO DE CONVÊNIOSDO IAMSPE - DECAM (%),OUVIDORIA,2019-2019,20.0,10.13
5121 - ASSISTÊNCIA MÉDICA AO SERVIDOR PÚBLICO ESTADUAL,"53000 - SECRETARIA DE PROJETOS, ORÇAMENTO E  GESTÃO","SERVIDORES PÚBLICOS DO ESTADO DE SP, BENEFICIÁRIOS E AGREGADOS",ESTADO,FINALÍSTICO,PRODUTO: ASSISTÊNCIA À SAÚDE OFERECIDA AOS BENEFICIÁRIOS DO IAMSPE NA REDE CONTRATADA,FINALÍSTICO,QUANTIDADE DE ATENDIMENTOS REALIZADOS NOS CREDENCIADOS(UNIDADE),SISTEMA DE SAÚDE - GSI,2016-2018,20363246.0,35800000.0
5121 - ASSISTÊNCIA MÉDICA AO SERVIDOR PÚBLICO ESTADUAL,"53000 - SECRETARIA DE PROJETOS, ORÇAMENTO E  GESTÃO","SERVIDORES PÚBLICOS DO ESTADO DE SP, BENEFICIÁRIOS E AGREGADOS",ESTADO,FINALÍSTICO,PRODUTO: SERVIÇOS DE PROTEÇÃO E PROMOÇÃO DE SAÚDE E PREVENÇÃO DE DOENÇAS,FINALÍSTICO,PROPORÇÃO DE USUÁRIOS NOS PROGRAMAS DO PREVENIR (%),PREVENIR - IAMSPE,2016-2018,65.0,71.0
5121 - ASSISTÊNCIA MÉDICA AO SERVIDOR PÚBLICO ESTADUAL,"53000 - SECRETARIA DE PROJETOS, ORÇAMENTO E  GESTÃO","SERVIDORES PÚBLICOS DO ESTADO DE SP, BENEFICIÁRIOS E AGREGADOS",ESTADO,FINALÍSTICO,PRODUTO: SERVIÇOS DE PROTEÇÃO E PROMOÇÃO DE SAÚDE E PREVENÇÃO DE DOENÇAS,FINALÍSTICO,"QUANTIDADE DE PROGRAMAS PARA PREVENÇÃO DE DOENÇAS,PROTEÇÃO E PROMOÇÃO DE SAÚDE (UNIDADE)",INSTITUTO DE ASSISTÊNCIAMÉDICA AO SERVIDORPÚBLICO ESTADUAL,2016-2018,25.0,22.0
5121 - ASSISTÊNCIA MÉDICA AO SERVIDOR PÚBLICO ESTADUAL,"53000 - SECRETARIA DE PROJETOS, ORÇAMENTO E  GESTÃO","SERVIDORES PÚBLICOS DO ESTADO DE SP, BENEFICIÁRIOS E AGREGADOS",ESTADO,FINALÍSTICO,PRODUTO: ENSINO E FORMAÇÃO OFERECIDOS À PROFISSIONAL DE SAÚDE E PESQUISA APLICADA À SAÚDE,FINALÍSTICO,HORAS DE TREINAMENTO POR SERVIDORES IAMSPE (UNIDADE),CEDEP - IAMSPE,2016-2018,18.71,34.7
5121 - ASSISTÊNCIA MÉDICA AO SERVIDOR PÚBLICO ESTADUAL,"53000 - SECRETARIA DE PROJETOS, ORÇAMENTO E  GESTÃO","SERVIDORES PÚBLICOS DO ESTADO DE SP, BENEFICIÁRIOS E AGREGADOS",ESTADO,FINALÍSTICO,PRODUTO: ENSINO E FORMAÇÃO OFERECIDOS À PROFISSIONAL DE SAÚDE E PESQUISA APLICADA À SAÚDE,FINALÍSTICO,NÚMERO DE PROFISSIONAIS DA SAÚDE EM APRENDIZADO/FORMAÇÃONO HOSPITAL DO SERVIDOR PÚBLICO ESTADUAL (UNIDADE),INSTITUTO DE ASSISTÊNCIAMÉDICA AO SERVIDORPÚBLICO ESTADUAL,2016-2018,25773.0,18000.0
5122 - UM NOVO DETRAN PARA SÃO PAULO,51000 - SECRETARIA DE GOVERNO,POPULAÇÃO DO ESTADO DE SÃO PAULO,ESTADO,FINALÍSTICO,PRODUTO: SERVIÇOS DE TRÂNSITO,FINALÍSTICO,NÚMERO DE DOCUMENTOS DE TRÂNSITO EMITIDOS (UNIDADE),DETRAN/SP,2016-2018,82371068.0,117000000.0
5122 - UM NOVO DETRAN PARA SÃO PAULO,51000 - SECRETARIA DE GOVERNO,POPULAÇÃO DO ESTADO DE SÃO PAULO,ESTADO,FINALÍSTICO,PRODUTO: SERVIÇOS DE TRÂNSITO,FINALÍSTICO,PERCENTUAL DE DOCUMENTOS EMITIDOS ON-LINE (%),DETRAN/SP,2020,46.94,80.0
5122 - UM NOVO DETRAN PARA SÃO PAULO,51000 - SECRETARIA DE GOVERNO,POPULAÇÃO DO ESTADO DE SÃO PAULO,ESTADO,FINALÍSTICO,PRODUTO: SERVIÇOS DE PÁTIOS E LEILÕES,FINALÍSTICO,NÚMERO DE CONTRATOS FIRMADOS DE PRESTAÇÃO DE SERVIÇO DEADMINISTRAÇÃO DE PÁTIOS (UNIDADE),DETRAN/SP,2018,9.0,17.0
5122 - UM NOVO DETRAN PARA SÃO PAULO,51000 - SECRETARIA DE GOVERNO,POPULAÇÃO DO ESTADO DE SÃO PAULO,ESTADO,FINALÍSTICO,PRODUTO: AÇÕES DE EDUCAÇÃO E FISCALIZAÇÃO PARA O TRÂNSITO,FINALÍSTICO,NUMERO DE INICIATIVAS DE EDUCAÇÃO PARA O TRÂNSITO PROMOVIDAS(UNIDADE),DETRAN/SP,2016-2018,50130.0,22509.0
5122 - UM NOVO DETRAN PARA SÃO PAULO,51000 - SECRETARIA DE GOVERNO,POPULAÇÃO DO ESTADO DE SÃO PAULO,ESTADO,FINALÍSTICO,PRODUTO: AÇÕES DE EDUCAÇÃO E FISCALIZAÇÃO PARA O TRÂNSITO,FINALÍSTICO,QUANTIDADE DE CIDADÃOS IMPACTADOS (UNIDADE),DETRAN/SP,2016-2018,16388839.0,19468000.0
5122 - UM NOVO DETRAN PARA SÃO PAULO,51000 - SECRETARIA DE GOVERNO,POPULAÇÃO DO ESTADO DE SÃO PAULO,ESTADO,FINALÍSTICO,PRODUTO: OPERAÇÃO DIREÇÃO SEGURA,FINALÍSTICO,PERCENTUAL DE CONDUTORES MULTADOS POR DIRIGIREMALCOOLIZADOS (%),DETRAN/SP,2018,5.54,4.2
5122 - UM NOVO DETRAN PARA SÃO PAULO,51000 - SECRETARIA DE GOVERNO,POPULAÇÃO DO ESTADO DE SÃO PAULO,ESTADO,FINALÍSTICO,PRODUTO: OPERAÇÃO DIREÇÃO SEGURA,FINALÍSTICO,QUANTIDADE DE ABORDAGENS DA OPERAÇÃO DIREÇÃO SEGURAINTEGRADA (UNIDADE),DETRAN/SP,2016-2018,229961.0,416638.0
5301 - SÃO PAULO: TERRITÓRIO E CARTOGRAFIA,"53000 - SECRETARIA DE PROJETOS, ORÇAMENTO E  GESTÃO","ADMINISTRAÇÃO DIRETA E INDIRETA, MINISTÉRIOS PÚBLICOS, TRIBUNAIS, ASSEMBLEIALEGISLATIVA, CÂMARAS E PREFEITURAS MUNICIPAIS, INSTITUTOS DE PESQUISA,UNIVERSIDADES, EMPRESAS PÚBLICAS E PRIVADAS E O CONJUNTO DA SOCIEDADE.",ESTADO,FINALÍSTICO,"PRODUTO: MAPEAMENTO TOPOGRÁFICO NAS ESCALAS 1:5.000, 1:10.000 E OUTRAS",FINALÍSTICO,NÚMERO DE MAPAS PRODUZIDOS (UNIDADE),INSTITUTO GEOGRÁFICO ECARTOGRÁFICO - IGC,2018-2018,5572.0,3000.0
5301 - SÃO PAULO: TERRITÓRIO E CARTOGRAFIA,"53000 - SECRETARIA DE PROJETOS, ORÇAMENTO E  GESTÃO","ADMINISTRAÇÃO DIRETA E INDIRETA, MINISTÉRIOS PÚBLICOS, TRIBUNAIS, ASSEMBLEIALEGISLATIVA, CÂMARAS E PREFEITURAS MUNICIPAIS, INSTITUTOS DE PESQUISA,UNIVERSIDADES, EMPRESAS PÚBLICAS E PRIVADAS E O CONJUNTO DA SOCIEDADE.",ESTADO,FINALÍSTICO,PRODUTO: INFORMAÇÕES TÉCNICAS TERRITORIAIS E DE DRENAGEM,FINALÍSTICO,NÚMERO DE INFORMAÇÕES TÉCNICAS PRODUZIDAS (UNIDADE),INSTITUTO GEOGRÁFICO ECARTOGRÁFICO - IGC,2018-2018,1153.0,4400.0
5301 - SÃO PAULO: TERRITÓRIO E CARTOGRAFIA,"53000 - SECRETARIA DE PROJETOS, ORÇAMENTO E  GESTÃO","ADMINISTRAÇÃO DIRETA E INDIRETA, MINISTÉRIOS PÚBLICOS, TRIBUNAIS, ASSEMBLEIALEGISLATIVA, CÂMARAS E PREFEITURAS MUNICIPAIS, INSTITUTOS DE PESQUISA,UNIVERSIDADES, EMPRESAS PÚBLICAS E PRIVADAS E O CONJUNTO DA SOCIEDADE.",ESTADO,FINALÍSTICO,PRODUTO: GESTÃO DE DOCUMENTOS GEOGRÁFICOS E CARTOGRÁFICOS,FINALÍSTICO,NÚMERO DE DOCUMENTOS GEOGRÁFICOS E CARTOGRÁFICOSDISPONIBILIZADOS. (UNIDADE),INSTITUTO GEOGRÁFICO ECARTOGRÁFICO - IGC,2018-2018,6208.0,16000.0
5301 - SÃO PAULO: TERRITÓRIO E CARTOGRAFIA,"53000 - SECRETARIA DE PROJETOS, ORÇAMENTO E  GESTÃO","ADMINISTRAÇÃO DIRETA E INDIRETA, MINISTÉRIOS PÚBLICOS, TRIBUNAIS, ASSEMBLEIALEGISLATIVA, CÂMARAS E PREFEITURAS MUNICIPAIS, INSTITUTOS DE PESQUISA,UNIVERSIDADES, EMPRESAS PÚBLICAS E PRIVADAS E O CONJUNTO DA SOCIEDADE.",ESTADO,FINALÍSTICO,PRODUTO: INFORMAÇÕES E ESTUDOS SOBRE PLANEJAMENTO MACROMETROPOLITANO,FINALÍSTICO,SISTEMAS E INFRAESTRUTURAS DE DADOS ESPACIAIS MANTIDOS EIMPLANTADOS (UNIDADE),INSTITUTO GEOGRÁFICO ECARTOGRAFICO - IGC,2020,3.0,5.0
